,Part No.,MODEL,S/N,°t¥ó,BIN ID,Status,ª¬ºA,­É¥Î¤H,"­É¥Î³æ
½s¸¹",¥X­É¤H,­É¥Î¤é,¨ì´Á¤é,¤J®w¤é´Á,³Æµù,"³Ì«á
½LÂI¤é",Sales Requester,Purpose,Unnamed: 17,Unnamed: 18,Unnamed: 19,Unnamed: 20,Unnamed: 21,Unnamed: 22,Unnamed: 23,Unnamed: 24,Unnamed: 25,Unnamed: 26,Unnamed: 27,Unnamed: 28,Unnamed: 29,Unnamed: 30,Unnamed: 31,Unnamed: 32,Unnamed: 33,Unnamed: 34,Unnamed: 35,Unnamed: 36,Unnamed: 37,Unnamed: 38,Unnamed: 39,Unnamed: 40,Unnamed: 41,Unnamed: 42,Unnamed: 43,Unnamed: 44,Unnamed: 45,Unnamed: 46,Unnamed: 47,Status²M³æ,©w¸q
0,185845-03,10 Pos Modular Plug to 9 Pos Dsub Plug,Cable 1951,,KDR-e¤Æ,V,4.0,,,,,,2011-09-30 00:00:00,,,,,,,,,,,,,,,,,,,,,,,,,,,,,,,,,,,,S,®w©ÐStoreroom
1,783344-01,10 Gigabit SFP+ Ethernet Cable(3M)-ETTUS Research,627540514,,ME-Fred,V,4.0,,,,,,2017-04-28 00:00:00,,2017-05-04 00:00:00,,,,,,,,,,,,,,,,,,,,,,,,,,,,,,,,,,B,¹w¬ùBooking
2,785853-01,Win10 IOT LTSB 2016,32060,,ME-Fred,V,4.0,,,,,,2017-09-19 00:00:00,,2017-10-16 00:00:00,,,,,,,,,,,,,,,,,,,,,,,,,,,,,,,,,,L,­É¥XLend
3,785681-01,SFP+ 10GIG Copper,1503124U-0137,,ME-Fred,V,4.0,,,,,,2017-10-13 00:00:00,,2019-10-01 00:00:00,,,,,,,,,,,,,,,,,,,,,,,,,,,,,,,,,,R,ºû­×Repair
4,786300-01,1200W Power Supply for  PXIe-1092 or 1095 Chassis,1019L03506,,ME-Fred,V,4.0,,,,,,2019-06-26 00:00:00,,2019-10-30 00:00:00,,,,,,,,,,,,,,,,,,,,,,,,,,,,,,,,,,D,¿ò¥¢Disappear
5,786300-01,1200W Power Supply for  PXIe-1092 or 1095 Chassis,1019L03508,,ME-Fred,V,4.0,,,,,,2019-06-26 00:00:00,,2019-10-30 00:00:00,,,,,,,,,,,,,,,,,,,,,,,,,,,,,,,,,,V,¤£­ÉVeto
6,786300-01,1200W Power Supply for  PXIe-1092 or 1095 Chassis,0919L03200,,ME-Fred,V,4.0,,,,,,2019-06-27 00:00:00,,2019-10-30 00:00:00,,,,,,,,,,,,,,,,,,,,,,,,,,,,,,,,,,,
7,786300-01,1200W Power Supply for  PXIe-1092 or 1095 Chassis,1019L03474,,ME-Fred,V,4.0,,,,,,2019-06-27 00:00:00,,2019-10-30 00:00:00,,,,,,,,,,,,,,,,,,,,,,,,,,,,,,,,,,,
8,786300-01,1200W Power Supply for  PXIe-1092 or 1095 Chassis,1019L03479,,ME-Fred,V,4.0,,,,,,2019-06-27 00:00:00,,2019-10-30 00:00:00,,,,,,,,,,,,,,,,,,,,,,,,,,,,,,,,,,,
9,786300-01,1200W Power Supply for  PXIe-1092 or 1095 Chassis,1019L03477,,ME-Fred,V,4.0,,,,,,2019-06-27 00:00:00,,2019-10-30 00:00:00,,,,,,,,,,,,,,,,,,,,,,,,,,,,,,,,,,,
10,786300-01,1200W Power Supply for  PXIe-1092 or 1095 Chassis,0919L03194,,ME-Fred,V,4.0,,,,,,2019-06-27 00:00:00,,2019-10-30 00:00:00,,,,,,,,,,,,,,,,,,,,,,,,,,,,,,,,,,,
11,778796-01,1394 Cable ,Cable 1943,,³¢¬Ó§Ó,V,4.0,,,,,,2007-05-09 00:00:00,,,,,,,,,,,,,,,,,,,,,,,,,,,,,,,,,,,,,
12,778796-01,1394 Cable ,Cable 1942,,®w-FSE(N6)-Vivian,V,4.0,,,,,,2007-05-09 00:00:00,,,,,,,,,,,,,,,,,,,,,,,,,,,,,,,,,,,,,
13,778796-01,1394 Cable ,Cable 1941,,®w-FSE(M1)-Andrew,V,4.0,,,,,,2007-04-25 00:00:00,,2015-11-04 00:00:00,,,,,,,,,,,,,,,,,,,,,,,,,,,,,,,,,,,
14,¥~ÁÊ(¦³ÂêÀY),1394 Cable ,Cable 213,,¥k4,S,4.0,,,,,,,,2017-09-14 00:00:00,,,,,,,,,,,,,,,,,,,,,,,,,,,,,,,,,,,
15,¥~ÁÊ(¦³ÂêÀY),1394 Cable ,Cable 270,,¥k4,S,4.0,,,,,,,,,,,,,,,,,,,,,,,,,,,,,,,,,,,,,,,,,,,
16,778796-01,1394 Cable ,Cable 204,,¥k4,S,4.0,,,,,,2007-05-10 00:00:00,,2018-02-09 00:00:00,,,,,,,,,,,,,,,,,,,,,,,,,,,,,,,,,,,
17,778796-01,1394 Cable ,Cable 209,,¥k4,S,4.0,                       ,,,,,2007-06-27 00:00:00,,2018-05-15 00:00:00,,,,,,,,,,,,,,,,,,,,,,,,,,,,,,,,,,,
18,¥~ÁÊ,1394 Cable ,Cable 122,,¥k3,S,4.0,,,,,,2005-09-22 00:00:00,,,,,,,,,,,,,,,,,,,,,,,,,,,,,,,,,,,,,
19,¥~ÁÊ,1394 Cable ,Cable 123,,¥k3,S,4.0,,,,,,2005-09-22 00:00:00,,,,,,,,,,,,,,,,,,,,,,,,,,,,,,,,,,,,,
20,778796-01,1394 Cable ,Cable 1965,,SDR-2,V,4.0,,,,,,2008-02-15 00:00:00,,,,,,,,,,,,,,,,,,,,,,,,,,,,,,,,,,,,,
21,778796-01,1394 Cable ,Cable 1944,,®w-FSE(N7)-Kevin Y,V,4.0,,,,,,2007-05-09 00:00:00,,2019-05-23 00:00:00,,,,,,,,,,,,,,,,,,,,,,,,,,,,,,,,,,,
22,153521B-01,"Cable Assy, DC5532 Power Input",153521-01-01,,®w-FSE(M4)-Serena,V,4.0,,,,,,2017-06-26 00:00:00,,2019-05-24 00:00:00,,,,,,,,,,,,,,,,,,,,,,,,,,,,,,,,,,,
23,154542-03,1394b jackscrew to 1394b right angle down jackscrew,Cable 089,,¥k3,S,4.0,,,,,,2013-09-10 00:00:00,,,,,,,,,,,,,,,,,,,,,,,,,,,,,,,,,,,,,
24,154542-03,1394b jackscrew to 1394b right angle down jackscrew,Cable 1150,,S4,V,4.0,,,,,,2013-09-10 00:00:00,,2014-01-16 00:00:00,,,,,,,,,,,,,,,,,,,,,,,,,,,,,,,,,,,
25,154542-03,1394b jackscrew to 1394b right angle down jackscrew,Cable 1151,,S4,V,4.0,,,,,,2013-09-10 00:00:00,,2014-01-16 00:00:00,,,,,,,,,,,,,,,,,,,,,,,,,,,,,,,,,,,
26,781915-01,"144MHz, 400 MHz, and 1200 MHz Tri-band 7-inch vertical antenna",HB6403372,,¥k4,L,2.0,Steve,,Vivian H,2018-02-07 00:00:00,,2013-09-25 00:00:00,,2017-12-19 00:00:00,,,,,,,,,,,,,,,,,,,,,,,,,,,,,,,,,,,
27,781915-01,"144MHz, 400 MHz, and 1200 MHz Tri-band 7-inch vertical antenna",HB6403373,,¥k4,L,2.0,Steve,,Vivian H,2018-02-07 00:00:00,,2013-09-25 00:00:00,,2017-04-18 00:00:00,,,,,,,,,,,,,,,,,,,,,,,,,,,,,,,,,,,
28,781915-01,"144MHz, 400 MHz, and 1200 MHz Tri-band 7-inch vertical antenna",HB6403379,,¥k4,L,2.0,Steve,,Vivian H,2013-10-17 00:00:00,,2013-09-25 00:00:00,,2013-10-17 00:00:00,,,,,,,,,,,,,,,,,,,,,,,,,,,,,,,,,,,
29,781915-01,"144MHz, 400 MHz, and 1200 MHz Tri-band 7-inch vertical antenna",HB6403380,,¥k4,L,2.0,Steve,,Vivian H,2013-10-17 00:00:00,,2013-09-25 00:00:00,,2013-10-17 00:00:00,,,,,,,,,,,,,,,,,,,,,,,,,,,,,,,,,,,
30,781915-01,"144MHz, 400 MHz, and 1200 MHz Tri-band 7-inch vertical antenna",F5F361,,MDR-USRP,V,2.0,Fred,,Vivian H,2019-10-30 00:00:00,,2015-06-30 00:00:00,,2019-10-30 00:00:00,,,,,,,,,,,,,,,,,,,,,,,,,,,,,,,,,,,
31,781915-01,"144MHz, 400 MHz, and 1200 MHz Tri-band 7-inch vertical antenna",F5F378,,MDR-USRP,V,2.0,Fred,,Vivian H,2019-10-30 00:00:00,,2015-06-30 00:00:00,,2019-10-30 00:00:00,,,,,,,,,,,,,,,,,,,,,,,,,,,,,,,,,,,
32,781915-01,"144MHz, 400 MHz, and 1200 MHz Tri-band 7-inch vertical antenna",F5F4C8,,MDR-USRP,V,2.0,Fred,,Vivian H,2019-10-30 00:00:00,,2015-06-30 00:00:00,,2019-10-30 00:00:00,,,,,,,,,,,,,,,,,,,,,,,,,,,,,,,,,,,
33,781915-01,"144MHz, 400 MHz, and 1200 MHz Tri-band 7-inch vertical antenna",F53F87,,MDR-USRP,V,2.0,Fred,,Vivian H,2019-10-30 00:00:00,,2015-06-30 00:00:00,,2019-10-30 00:00:00,,,,,,,,,,,,,,,,,,,,,,,,,,,,,,,,,,,
34,781915-01,"144MHz, 400 MHz, and 1200 MHz Tri-band 7-inch vertical antenna",F50FEB,,MDR-USRP,V,2.0,Fred,,Vivian H,2019-10-30 00:00:00,,2015-06-30 00:00:00,,2019-10-30 00:00:00,,,,,,,,,,,,,,,,,,,,,,,,,,,,,,,,,,,
35,781915-01,"144MHz, 400 MHz, and 1200 MHz Tri-band 7-inch vertical antenna",F53F85,,MDR-USRP,V,2.0,Fred,,Vivian H,2019-10-30 00:00:00,,2015-06-30 00:00:00,,2019-10-30 00:00:00,,,,,,,,,,,,,,,,,,,,,,,,,,,,,,,,,,,
36,781915-01,"144MHz, 400 MHz, and 1200 MHz Tri-band 7-inch vertical antenna",F53F80,,MDR-USRP,V,2.0,Fred,,Vivian H,2019-10-30 00:00:00,,2015-06-30 00:00:00,,2019-10-30 00:00:00,,,,,,,,,,,,,,,,,,,,,,,,,,,,,,,,,,,
37,781915-01,"144MHz, 400 MHz, and 1200 MHz Tri-band 7-inch vertical antenna",F53F7F,,MDR-USRP,V,2.0,Fred,,Vivian H,2019-10-30 00:00:00,,2015-06-30 00:00:00,,2019-10-30 00:00:00,,,,,,,,,,,,,,,,,,,,,,,,,,,,,,,,,,,
38,781915-01,"144MHz, 400 MHz, and 1200 MHz Tri-band 7-inch vertical antenna",F542D5,,MDR-USRP,V,2.0,Fred,,Vivian H,2019-10-30 00:00:00,,2015-06-30 00:00:00,,2019-10-30 00:00:00,,,,,,,,,,,,,,,,,,,,,,,,,,,,,,,,,,,
39,781915-01,"144MHz, 400 MHz, and 1200 MHz Tri-band 7-inch vertical antenna",F53F7C,,MDR-USRP,V,2.0,Fred,,Vivian H,2019-10-30 00:00:00,,2015-06-30 00:00:00,,2019-10-30 00:00:00,,,,,,,,,,,,,,,,,,,,,,,,,,,,,,,,,,,
40,781915-01,"144MHz, 400 MHz, and 1200 MHz Tri-band 7-inch vertical antenna",F5C06B,,MDR-USRP,V,2.0,Fred,,Vivian H,2019-10-30 00:00:00,,2015-06-30 00:00:00,,2019-10-30 00:00:00,,,,,,,,,,,,,,,,,,,,,,,,,,,,,,,,,,,
41,781915-01,"144MHz, 400 MHz, and 1200 MHz Tri-band 7-inch vertical antenna",F52FF5,,MDR-USRP,V,2.0,Fred,,Vivian H,2019-10-30 00:00:00,,2015-06-30 00:00:00,,2019-10-30 00:00:00,,,,,,,,,,,,,,,,,,,,,,,,,,,,,,,,,,,
42,781915-01,"144MHz, 400 MHz, and 1200 MHz Tri-band 7-inch vertical antenna",F5F374,,MDR-USRP,V,2.0,Fred,,Vivian H,2019-10-30 00:00:00,,2015-06-30 00:00:00,,2019-10-30 00:00:00,,,,,,,,,,,,,,,,,,,,,,,,,,,,,,,,,,,
43,781915-01,"144MHz, 400 MHz, and 1200 MHz Tri-band 7-inch vertical antenna",F57FAF,,MDR-USRP,V,2.0,Fred,,Vivian H,2019-10-30 00:00:00,,2015-06-30 00:00:00,,2019-10-30 00:00:00,,,,,,,,,,,,,,,,,,,,,,,,,,,,,,,,,,,
44,781915-01,"144MHz, 400 MHz, and 1200 MHz Tri-band 7-inch vertical antenna",F5F359,,MDR-USRP,V,2.0,Fred,,Vivian H,2019-10-30 00:00:00,,2015-06-30 00:00:00,,2019-10-30 00:00:00,,,,,,,,,,,,,,,,,,,,,,,,,,,,,,,,,,,
45,781915-01,"144MHz, 400 MHz, and 1200 MHz Tri-band 7-inch vertical antenna",F51D88,,MDR-USRP,V,2.0,Fred,,Vivian H,2019-10-30 00:00:00,,2015-06-30 00:00:00,,2019-10-30 00:00:00,,,,,,,,,,,,,,,,,,,,,,,,,,,,,,,,,,,
46,781915-01,"144MHz, 400 MHz, and 1200 MHz Tri-band 7-inch vertical antenna",F5FB4D,,MDR-USRP,V,2.0,Fred,,Vivian H,2019-10-30 00:00:00,,2015-06-30 00:00:00,,2019-10-30 00:00:00,,,,,,,,,,,,,,,,,,,,,,,,,,,,,,,,,,,
47,781915-01,"144MHz, 400 MHz, and 1200 MHz Tri-band 7-inch vertical antenna",F60A7D,,MDR-USRP,V,2.0,Fred,,Vivian H,2019-10-30 00:00:00,,2015-06-30 00:00:00,,2019-10-30 00:00:00,,,,,,,,,,,,,,,,,,,,,,,,,,,,,,,,,,,
48,781915-01,"144MHz, 400 MHz, and 1200 MHz Tri-band 7-inch vertical antenna",F5F364,,MDR-USRP,V,2.0,Fred,,Vivian H,2019-10-30 00:00:00,,2015-06-30 00:00:00,,2019-10-30 00:00:00,,,,,,,,,,,,,,,,,,,,,,,,,,,,,,,,,,,
49,781915-01,"144MHz, 400 MHz, and 1200 MHz Tri-band 7-inch vertical antenna",F5F36B,,MDR-USRP,V,2.0,Fred,,Vivian H,2019-10-30 00:00:00,,2015-06-30 00:00:00,,2019-10-30 00:00:00,,,,,,,,,,,,,,,,,,,,,,,,,,,,,,,,,,,
50,781915-01,"144MHz, 400 MHz, and 1200 MHz Tri-band 7-inch vertical antenna",F5891C,,C1-53,S,4.0,,,,,,2014-10-20 00:00:00,,2019-07-29 00:00:00,,,,,,,,,,,,,,,,,,,,,,,,,,,,,,,,,,,
51,781915-01,"144MHz, 400 MHz, and 1200 MHz Tri-band 7-inch vertical antenna",F5891D,,C1-51,S,4.0,,,,,,2014-10-20 00:00:00,,2019-01-29 00:00:00,,,,,,,,,,,,,,,,,,,,,,,,,,,,,,,,,,,
52,781915-01,"144MHz, 400 MHz, and 1200 MHz Tri-band 7-inch vertical antenna",F57F8E,,B4-34,S,4.0,,,,,,2014-10-20 00:00:00,,2019-05-29 00:00:00,,,,,,,,,,,,,,,,,,,,,,,,,,,,,,,,,,,
53,781915-01,"144MHz, 400 MHz, and 1200 MHz Tri-band 7-inch vertical antenna",HB5649143,,®w-ISR(02)-Eric C,V,4.0,,,,,,2013-02-01 00:00:00,,2015-09-16 00:00:00,,,,,,,,,,,,,,,,,,,,,,,,,,,,,,,,,,,
54,781915-01,"144MHz, 400 MHz, and 1200 MHz Tri-band 7-inch vertical antenna",HB5649171,,®w-ISR(02)-Eric C,V,4.0,,,,,,2013-02-01 00:00:00,,2015-09-16 00:00:00,,,,,,,,,,,,,,,,,,,,,,,,,,,,,,,,,,,
55,781915-01,"144MHz, 400 MHz, and 1200 MHz Tri-band 7-inch vertical antenna",HB5649149,,®w-ISR(02)-Eric C,V,4.0,,,,,,2013-02-01 00:00:00,,2015-09-16 00:00:00,,,,,,,,,,,,,,,,,,,,,,,,,,,,,,,,,,,
56,781915-01,"144MHz, 400 MHz, and 1200 MHz Tri-band 7-inch vertical antenna",HB5649169,,®w-ISR(02)-Eric C,V,4.0,,,,,,2013-02-01 00:00:00,,2015-09-16 00:00:00,,,,,,,,,,,,,,,,,,,,,,,,,,,,,,,,,,,
57,781915-01,"144MHz, 400 MHz, and 1200 MHz Tri-band 7-inch vertical antenna",F47209,,®w-ISR(01)-Eason,V,4.0,,,,,,2014-01-03 00:00:00,,2016-12-14 00:00:00,,,,,,,,,,,,,,,,,,,,,,,,,,,,,,,,,,,
58,781915-01,"144MHz, 400 MHz, and 1200 MHz Tri-band 7-inch vertical antenna",F471F9,,®w-ISR(01)-Eason,V,4.0,,,,,,2014-01-03 00:00:00,,2016-12-14 00:00:00,,,,,,,,,,,,,,,,,,,,,,,,,,,,,,,,,,,
59,781915-01,"144MHz, 400 MHz, and 1200 MHz Tri-band 7-inch vertical antenna",F60528,,®w-AC-Blake,V,4.0,,,,,,2014-12-30 00:00:00,,2019-05-23 00:00:00,,,,,,,,,,,,,,,,,,,,,,,,,,,,,,,,,,,
60,781915-01,"144MHz, 400 MHz, and 1200 MHz Tri-band 7-inch vertical antenna",F62398,,®w-AC-Blake,V,4.0,,,,,,2014-12-30 00:00:00,,2019-03-15 00:00:00,,,,,,,,,,,,,,,,,,,,,,,,,,,,,,,,,,,
61,781915-01,"144MHz, 400 MHz, and 1200 MHz Tri-band 7-inch vertical antenna",F61E39,,®w-AC-Blake,V,4.0,,,,,,2014-12-30 00:00:00,,2019-03-15 00:00:00,,,,,,,,,,,,,,,,,,,,,,,,,,,,,,,,,,,
62,781915-01,"144MHz, 400 MHz, and 1200 MHz Tri-band 7-inch vertical antenna",F62197,,®w-AC-Blake,V,4.0,,,,,,2014-12-30 00:00:00,,2019-03-15 00:00:00,,,,,,,,,,,,,,,,,,,,,,,,,,,,,,,,,,,
63,781915-01,"144MHz, 400 MHz, and 1200 MHz Tri-band 7-inch vertical antenna",F5D76B,,®w-AC-Blake,V,4.0,,,,,,2014-12-30 00:00:00,,2019-03-15 00:00:00,,,,,,,,,,,,,,,,,,,,,,,,,,,,,,,,,,,
64,781915-01,"144MHz, 400 MHz, and 1200 MHz Tri-band 7-inch vertical antenna",F61E41,,®w-AC-Blake,V,4.0,,,,,,2014-12-30 00:00:00,,2019-03-15 00:00:00,,,,,,,,,,,,,,,,,,,,,,,,,,,,,,,,,,,
65,781915-01,"144MHz, 400 MHz, and 1200 MHz Tri-band 7-inch vertical antenna",F6050D,,®w-AC-Blake,V,4.0,,,,,,2014-12-30 00:00:00,,2019-03-15 00:00:00,,,,,,,,,,,,,,,,,,,,,,,,,,,,,,,,,,,
66,781915-01,"144MHz, 400 MHz, and 1200 MHz Tri-band 7-inch vertical antenna",F60541,,®w-AC-Blake,V,4.0,,,,,,2014-12-30 00:00:00,,2019-03-15 00:00:00,,,,,,,,,,,,,,,,,,,,,,,,,,,,,,,,,,,
67,781915-01,"144MHz, 400 MHz, and 1200 MHz Tri-band 7-inch vertical antenna",F621C4,,®w-AC-Blake,V,4.0,,,,,,2014-12-30 00:00:00,,2019-03-15 00:00:00,,,,,,,,,,,,,,,,,,,,,,,,,,,,,,,,,,,
68,781915-01,"144MHz, 400 MHz, and 1200 MHz Tri-band 7-inch vertical antenna",F6218E,,®w-AC-Blake,V,4.0,,,,,,2014-12-30 00:00:00,,2019-03-15 00:00:00,,,,,,,,,,,,,,,,,,,,,,,,,,,,,,,,,,,
69,781915-01,"144MHz, 400 MHz, and 1200 MHz Tri-band 7-inch vertical antenna",F60EA5,,®w-AC-Blake,V,4.0,,,,,,2014-12-30 00:00:00,,2019-03-15 00:00:00,,,,,,,,,,,,,,,,,,,,,,,,,,,,,,,,,,,
70,781915-01,"144MHz, 400 MHz, and 1200 MHz Tri-band 7-inch vertical antenna",F60E99,,®w-AC-Blake,V,4.0,,,,,,2014-12-30 00:00:00,,2019-03-15 00:00:00,,,,,,,,,,,,,,,,,,,,,,,,,,,,,,,,,,,
71,781915-01,"144MHz, 400 MHz, and 1200 MHz Tri-band 7-inch vertical antenna",F61E48,,®w-AC-Blake,V,4.0,,,,,,2014-12-30 00:00:00,,2019-03-15 00:00:00,,,,,,,,,,,,,,,,,,,,,,,,,,,,,,,,,,,
72,781915-01,"144MHz, 400 MHz, and 1200 MHz Tri-band 7-inch vertical antenna",F60E94,,®w-AC-Blake,V,4.0,,,,,,2014-12-30 00:00:00,,2019-03-15 00:00:00,,,,,,,,,,,,,,,,,,,,,,,,,,,,,,,,,,,
73,781915-01,"144MHz, 400 MHz, and 1200 MHz Tri-band 7-inch vertical antenna",F60504,,®w-AC-Blake,V,4.0,,,,,,2014-12-30 00:00:00,,2019-03-15 00:00:00,,,,,,,,,,,,,,,,,,,,,,,,,,,,,,,,,,,
74,781915-01,"144MHz, 400 MHz, and 1200 MHz Tri-band 7-inch vertical antenna",F61E46,,®w-AC-Blake,V,4.0,,,,,,2014-12-30 00:00:00,,2019-03-15 00:00:00,,,,,,,,,,,,,,,,,,,,,,,,,,,,,,,,,,,
75,781915-01,"144MHz, 400 MHz, and 1200 MHz Tri-band 7-inch vertical antenna",F621DA,,®w-AC-Blake,V,4.0,,,,,,2014-12-30 00:00:00,,2019-03-15 00:00:00,,,,,,,,,,,,,,,,,,,,,,,,,,,,,,,,,,,
76,781915-01,"144MHz, 400 MHz, and 1200 MHz Tri-band 7-inch vertical antenna",F5891F,,A1-45,S,4.0,,,,,,2014-10-20 00:00:00,,2019-01-29 00:00:00,,,,,,,,,,,,,,,,,,,,,,,,,,,,,,,,,,,
77,ZFRSC-183-S+,1¹ï2Combiner (DC~18G),SF314301231-02,,¥ª1,L,2.0,Derek H,,Vivian H,2016-12-26 00:00:00,,2012-09-19 00:00:00,,2015-09-16 00:00:00,,,,,,,,,,,,,,,,,,,,,,,,,,,,,,,,,,,
78,ZFRSC-183-S+,1¹ï2Combiner (DC~18G),SF314301231-04,,¥ª1,L,2.0,Derek H,,Vivian H,2016-12-26 00:00:00,,2012-09-19 00:00:00,,2015-09-16 00:00:00,,,,,,,,,,,,,,,,,,,,,,,,,,,,,,,,,,,
79,ZFRSC-183-S+,1¹ï2Combiner (DC~18G),SF314301231-05,,¥ª1,L,2.0,Derek H,,Vivian H,2016-12-26 00:00:00,,2012-09-19 00:00:00,,2015-09-16 00:00:00,,,,,,,,,,,,,,,,,,,,,,,,,,,,,,,,,,,
80,ZFRSC-183-S+,1¹ï2Combiner (DC~18G),SF314301231-06,,¥ª1,S,4.0,,,,,,2012-09-19 00:00:00,,2019-05-17 00:00:00,,,,,,,,,,,,,,,,,,,,,,,,,,,,,,,,,,,
81,T50-3FT-VFVM+,FLEX LL 50GHZ VF/VM 3FT RoHS10,19031679,,RAE(M8)-Rebecca L,V,4.0,,,,,,2019-05-22 00:00:00,,2019-05-22 00:00:00,,,,,,,,,,,,,,,,,,,,,,,,,,,,,,,,,,,
82,T50-3FT-VFVM+,FLEX LL 50GHZ VF/VM 3FT RoHS10,19031697,,RAE(M8)-Rebecca L,V,4.0,,,,,,2019-05-22 00:00:00,,2019-05-22 00:00:00,,,,,,,,,,,,,,,,,,,,,,,,,,,,,,,,,,,
83,T50-3FT-VFVM+,FLEX LL 50GHZ VF/VM 3FT RoHS10,19031684,,RAE(M8)-Rebecca L,V,4.0,,,,,,2019-05-22 00:00:00,,2019-05-22 00:00:00,,,,,,,,,,,,,,,,,,,,,,,,,,,,,,,,,,,
84,T50-3FT-VFVM+,FLEX LL 50GHZ VF/VM 3FT RoHS10,19031680,,RAE(M8)-Rebecca L,V,4.0,,,,,,2019-05-22 00:00:00,,2019-05-22 00:00:00,,,,,,,,,,,,,,,,,,,,,,,,,,,,,,,,,,,
85,T50-3FT-VFVM+,FLEX LL 50GHZ VF/VM 3FT RoHS10,19021326,,RAE(M8)-Rebecca L,V,4.0,,,,,,2019-05-22 00:00:00,,2019-05-22 00:00:00,,,,,,,,,,,,,,,,,,,,,,,,,,,,,,,,,,,
86,T50-3FT-VFVM+,FLEX LL 50GHZ VF/VM 3FT RoHS10,19021322,,RAE(M8)-Rebecca L,V,4.0,,,,,,2019-05-22 00:00:00,,2019-05-22 00:00:00,,,,,,,,,,,,,,,,,,,,,,,,,,,,,,,,,,,
87,T50-3FT-VFVM+,FLEX LL 50GHZ VF/VM 3FT RoHS10,19021324,,RAE(M8)-Rebecca L,V,4.0,,,,,,2019-05-22 00:00:00,,2019-05-22 00:00:00,,,,,,,,,,,,,,,,,,,,,,,,,,,,,,,,,,,
88,T50-3FT-VFVM+,FLEX LL 50GHZ VF/VM 3FT RoHS10,19021321,,RAE(M8)-Rebecca L,V,4.0,,,,,,2019-05-22 00:00:00,,2019-05-22 00:00:00,,,,,,,,,,,,,,,,,,,,,,,,,,,,,,,,,,,
89,T50-3FT-VFVM+,FLEX LL 50GHZ VF/VM 3FT RoHS10,19021320,,RAE(M8)-Rebecca L,V,4.0,,,,,,2019-05-22 00:00:00,,2019-05-22 00:00:00,,,,,,,,,,,,,,,,,,,,,,,,,,,,,,,,,,,
90,T50-3FT-VFVM+,FLEX LL 50GHZ VF/VM 3FT RoHS10,19021327,,RAE(M8)-Rebecca L,V,4.0,,,,,,2019-05-22 00:00:00,,2019-05-22 00:00:00,,,,,,,,,,,,,,,,,,,,,,,,,,,,,,,,,,,
91,KF-24M+,ADPTR 2.92MM-F/2.4MM-M,KF-24M+-01,,RAE(M8)-Rebecca L,V,4.0,,,,,,2019-05-22 00:00:00,,2019-05-22 00:00:00,,,,,,,,,,,,,,,,,,,,,,,,,,,,,,,,,,,
92,KF-24M+,ADPTR 2.92MM-F/2.4MM-M,KF-24M+-02,,RAE(M8)-Rebecca L,V,4.0,,,,,,2019-05-22 00:00:00,,2019-05-22 00:00:00,,,,,,,,,,,,,,,,,,,,,,,,,,,,,,,,,,,
93,KF-24M+,ADPTR 2.92MM-F/2.4MM-M,KF-24M+-03,,RAE(M8)-Rebecca L,V,4.0,,,,,,2019-05-22 00:00:00,,2019-05-22 00:00:00,,,,,,,,,,,,,,,,,,,,,,,,,,,,,,,,,,,
94,KF-24M+,ADPTR 2.92MM-F/2.4MM-M,KF-24M+-04,,RAE(M8)-Rebecca L,V,4.0,,,,,,2019-05-22 00:00:00,,2019-05-22 00:00:00,,,,,,,,,,,,,,,,,,,,,,,,,,,,,,,,,,,
95,KM-24M+,ADPTR 2.92MM-M/2.4MM-M,KM-24M+-01,,RAE(M8)-Rebecca L,V,4.0,,,,,,2019-05-22 00:00:00,,2019-05-22 00:00:00,,,,,,,,,,,,,,,,,,,,,,,,,,,,,,,,,,,
96,KM-24M+,ADPTR 2.92MM-M/2.4MM-M,KM-24M+-02,,RAE(M8)-Rebecca L,V,4.0,,,,,,2019-05-22 00:00:00,,2019-05-22 00:00:00,,,,,,,,,,,,,,,,,,,,,,,,,,,,,,,,,,,
97,KM-24M+,ADPTR 2.92MM-M/2.4MM-M,KM-24M+-03,,RAE(M8)-Rebecca L,V,4.0,,,,,,2019-05-22 00:00:00,,2019-05-22 00:00:00,,,,,,,,,,,,,,,,,,,,,,,,,,,,,,,,,,,
98,KM-24M+,ADPTR 2.92MM-M/2.4MM-M,KM-24M+-04,,RAE(M8)-Rebecca L,V,4.0,,,,,,2019-05-22 00:00:00,,2019-05-22 00:00:00,,,,,,,,,,,,,,,,,,,,,,,,,,,,,,,,,,,
99,KM-24M+,ADPTR 2.92MM-M/2.4MM-M,KM-24M+-05,,RAE(M8)-Rebecca L,V,4.0,,,,,,2019-05-22 00:00:00,,2019-05-22 00:00:00,,,,,,,,,,,,,,,,,,,,,,,,,,,,,,,,,,,
100,KM-24M+,ADPTR 2.92MM-M/2.4MM-M,KM-24M+-06,,RAE(M8)-Rebecca L,V,4.0,,,,,,2019-05-22 00:00:00,,2019-05-22 00:00:00,,,,,,,,,,,,,,,,,,,,,,,,,,,,,,,,,,,
101,KM-24M+,ADPTR 2.92MM-M/2.4MM-M,KM-24M+-07,,RAE(M8)-Rebecca L,V,4.0,,,,,,2019-05-22 00:00:00,,2019-05-22 00:00:00,,,,,,,,,,,,,,,,,,,,,,,,,,,,,,,,,,,
102,KM-24M+,ADPTR 2.92MM-M/2.4MM-M,KM-24M+-08,,RAE(M8)-Rebecca L,V,4.0,,,,,,2019-05-22 00:00:00,,2019-05-22 00:00:00,,,,,,,,,,,,,,,,,,,,,,,,,,,,,,,,,,,
103,KM-24M+,ADPTR 2.92MM-M/2.4MM-M,KM-24M+-09,,RAE(M8)-Rebecca L,V,4.0,,,,,,2019-05-22 00:00:00,,2019-05-22 00:00:00,,,,,,,,,,,,,,,,,,,,,,,,,,,,,,,,,,,
104,KM-24M+,ADPTR 2.92MM-M/2.4MM-M,KM-24M+-10,,RAE(M8)-Rebecca L,V,4.0,,,,,,2019-05-22 00:00:00,,2019-05-22 00:00:00,,,,,,,,,,,,,,,,,,,,,,,,,,,,,,,,,,,
105,KM-24M+,ADPTR 2.92MM-M/2.4MM-M,KM-24M+-11,,RAE(M8)-Rebecca L,V,4.0,,,,,,2019-05-22 00:00:00,,2019-05-22 00:00:00,,,,,,,,,,,,,,,,,,,,,,,,,,,,,,,,,,,
106,KM-24M+,ADPTR 2.92MM-M/2.4MM-M,KM-24M+-12,,RAE(M8)-Rebecca L,V,4.0,,,,,,2019-05-22 00:00:00,,2019-05-22 00:00:00,,,,,,,,,,,,,,,,,,,,,,,,,,,,,,,,,,,
107,KM-24M+,ADPTR 2.92MM-M/2.4MM-M,KM-24M+-13,,RAE(M8)-Rebecca L,V,4.0,,,,,,2019-05-22 00:00:00,,2019-05-22 00:00:00,,,,,,,,,,,,,,,,,,,,,,,,,,,,,,,,,,,
108,KM-24M+,ADPTR 2.92MM-M/2.4MM-M,KM-24M+-14,,RAE(M8)-Rebecca L,V,4.0,,,,,,2019-05-22 00:00:00,,2019-05-22 00:00:00,,,,,,,,,,,,,,,,,,,,,,,,,,,,,,,,,,,
109,KM-24M+,ADPTR 2.92MM-M/2.4MM-M,KM-24M+-15,,RAE(M8)-Rebecca L,V,4.0,,,,,,2019-05-22 00:00:00,,2019-05-22 00:00:00,,,,,,,,,,,,,,,,,,,,,,,,,,,,,,,,,,,
110,KM-24M+,ADPTR 2.92MM-M/2.4MM-M,KM-24M+-16,,RAE(M8)-Rebecca L,V,4.0,,,,,,2019-05-22 00:00:00,,2019-05-22 00:00:00,,,,,,,,,,,,,,,,,,,,,,,,,,,,,,,,,,,
111,24M-24M+,ADPTR 2.4MM-M/2.4MM-M,24M-24M+-01,,Bruce,V,4.0,,,,,,2019-09-20 00:00:00,,2019-09-20 00:00:00,,,,,,,,,,,,,,,,,,,,,,,,,,,,,,,,,,,
112,24M-24M+,ADPTR 2.4MM-M/2.4MM-M,24M-24M+-02,,Bruce,V,4.0,,,,,,2019-09-20 00:00:00,,2019-09-20 00:00:00,,,,,,,,,,,,,,,,,,,,,,,,,,,,,,,,,,,
113,24M-24M+,ADPTR 2.4MM-M/2.4MM-M,24M-24M+-03,,Bruce,V,4.0,,,,,,2019-09-20 00:00:00,,2019-09-20 00:00:00,,,,,,,,,,,,,,,,,,,,,,,,,,,,,,,,,,,
114,24M-24M+,ADPTR 2.4MM-M/2.4MM-M,24M-24M+-04,,Bruce,V,4.0,,,,,,2019-09-20 00:00:00,,2019-09-20 00:00:00,,,,,,,,,,,,,,,,,,,,,,,,,,,,,,,,,,,
115,KM-24F+,ADPTR 2.92MM-M/2.4MM-F,KM-24F+-01,,Bruce,V,4.0,,,,,,2019-09-20 00:00:00,,2019-09-20 00:00:00,,,,,,,,,,,,,,,,,,,,,,,,,,,,,,,,,,,
116,KM-24F+,ADPTR 2.92MM-M/2.4MM-F,KM-24F+-02,,Bruce,V,4.0,,,,,,2019-09-20 00:00:00,,2019-09-20 00:00:00,,,,,,,,,,,,,,,,,,,,,,,,,,,,,,,,,,,
117,KF-24F+,ADPTR 2.92MM-F/2.4MM-F,KF-24F+-01,,Bruce,V,4.0,,,,,,2019-09-20 00:00:00,,2019-09-20 00:00:00,,,,,,,,,,,,,,,,,,,,,,,,,,,,,,,,,,,
118,KF-24F+,ADPTR 2.92MM-F/2.4MM-F,KF-24F+-02,,Bruce,V,4.0,,,,,,2019-09-20 00:00:00,,2019-09-20 00:00:00,,,,,,,,,,,,,,,,,,,,,,,,,,,,,,,,,,,
119,24F-24F+,ADPTR 2.4MM-F/2.4MM-F,24F-24F+-01,,Bruce,V,4.0,,,,,,2019-09-20 00:00:00,,2019-09-20 00:00:00,,,,,,,,,,,,,,,,,,,,,,,,,,,,,,,,,,,
120,24F-24F+,ADPTR 2.4MM-F/2.4MM-F,24F-24F+-02,,Bruce,V,4.0,,,,,,2019-09-20 00:00:00,,2019-09-20 00:00:00,,,,,,,,,,,,,,,,,,,,,,,,,,,,,,,,,,,
121,24F-24F+,ADPTR 2.4MM-F/2.4MM-F,24F-24F+-03,,Bruce,V,4.0,,,,,,2019-09-20 00:00:00,,2019-09-20 00:00:00,,,,,,,,,,,,,,,,,,,,,,,,,,,,,,,,,,,
122,24F-24F+,ADPTR 2.4MM-F/2.4MM-F,24F-24F+-04,,Bruce,V,4.0,,,,,,2019-09-20 00:00:00,,2019-09-20 00:00:00,,,,,,,,,,,,,,,,,,,,,,,,,,,,,,,,,,,
123,24F-24M+,ADPTR 2.4MM-F/2.4MM-M,24F-24M+-01,,Bruce,V,4.0,,,,,,2019-09-20 00:00:00,,2019-09-20 00:00:00,,,,,,,,,,,,,,,,,,,,,,,,,,,,,,,,,,,
124,24F-24M+,ADPTR 2.4MM-F/2.4MM-M,24F-24M+-02,,Bruce,V,4.0,,,,,,2019-09-20 00:00:00,,2019-09-20 00:00:00,,,,,,,,,,,,,,,,,,,,,,,,,,,,,,,,,,,
125,VAT-20W2+,20dBm °I´î¾¹,1227-01,,¥k1,S,4.0,,,,,,2012-09-19 00:00:00,,2019-08-26 00:00:00,AE Keep,,,,,,,,,,,,,,,,,,,,,,,,,,,,,,,,,,
126,VAT-20W2+,20dBm °I´î¾¹,1227-02,,¥k1,S,4.0,,,,,,2012-09-19 00:00:00,,2019-08-26 00:00:00,AE Keep,,,,,,,,,,,,,,,,,,,,,,,,,,,,,,,,,,
127,VAT-20W2+,20dBm °I´î¾¹,1227-03,,¥k1,S,4.0,,,,,,2012-09-19 00:00:00,,2019-08-26 00:00:00,AE Keep,,,,,,,,,,,,,,,,,,,,,,,,,,,,,,,,,,
128,VAT-20W2+,20dBm °I´î¾¹,1227-04,,¥k1,S,4.0,,,,,,2012-09-19 00:00:00,,2019-08-26 00:00:00,AE Keep,,,,,,,,,,,,,,,,,,,,,,,,,,,,,,,,,,
129,VAT-20W2+,20dBm °I´î¾¹,1227-05,,¥k1,S,4.0,,,,,,2012-09-19 00:00:00,,,AE Keep,,,,,,,,,,,,,,,,,,,,,,,,,,,,,,,,,,
130,VAT-20W2+,20dBm °I´î¾¹,1227-06,,¥k1,S,4.0,,,,,,2012-09-19 00:00:00,,,AE Keep,,,,,,,,,,,,,,,,,,,,,,,,,,,,,,,,,,
131,VAT-30W2+,30dBm °I´î¾¹,1228-01,,¥k1,S,4.0,,,,,,2012-09-19 00:00:00,,,AE Keep,,,,,,,,,,,,,,,,,,,,,,,,,,,,,,,,,,
132,VAT-30W2+,30dBm °I´î¾¹,1228-02,,¥k1,S,4.0,,,,,,2012-09-19 00:00:00,,,AE Keep,,,,,,,,,,,,,,,,,,,,,,,,,,,,,,,,,,
133,VAT-30W2+,30dBm °I´î¾¹,1228-03,,¥k1,S,4.0,,,,,,2012-09-19 00:00:00,,,AE Keep,,,,,,,,,,,,,,,,,,,,,,,,,,,,,,,,,,
134,VAT-30W2+,30dBm °I´î¾¹,1228-04,,¥k1,S,4.0,,,,,,2012-09-19 00:00:00,,,AE Keep,,,,,,,,,,,,,,,,,,,,,,,,,,,,,,,,,,
135,VAT-30W2+,30dBm °I´î¾¹,1228-05,,¥k1,S,4.0,,,,,,2012-09-19 00:00:00,,,AE Keep,,,,,,,,,,,,,,,,,,,,,,,,,,,,,,,,,,
136,VAT-30W2+,30dBm °I´î¾¹,1228-06,,¥k1,S,4.0,,,,,,2012-09-19 00:00:00,,,AE Keep,,,,,,,,,,,,,,,,,,,,,,,,,,,,,,,,,,
137,749175-08,32 GB 2.5 in SATA Solid State Hard Drive Upgrade  ,SY820A0483,,FSE(M6)-Tom,V,4.0,,,,,,2008-08-22 00:00:00,,,,,,,,,,,,,,,,,,,,,,,,,,,,,,,,,,,,,
138,782589-35,3D Machine Vision Library - ImagingLab,M76X70928,,ÅK00,S,4.0,,,,,,2013-01-24 00:00:00,,,,,,,,,,,,,,,,,,,,,,,,,,,,,,,,,,,,,
139,782589-35,3D Machine Vision Library - ImagingLab,M76X70926,,®w-FSE(N1)-Wayne,V,4.0,,,,,,2013-01-24 00:00:00,,,,,,,,,,,,,,,,,,,,,,,,,,,,,,,,,,,,,
140,783174-01,3V GPS Antenna,16N42435,,F3-03,S,4.0,,,,,,2015-03-10 00:00:00,,2017-08-29 00:00:00,,,,,,,,,,,,,,,,,,,,,,,,,,,,,,,,,,,
141,783174-01,3V GPS Antenna,16N42429,,F3-01,S,4.0,,,,,,2015-03-10 00:00:00,,2017-07-18 00:00:00,,,,,,,,,,,,,,,,,,,,,,,,,,,,,,,,,,,
142,783305-01,"4.3"" TFT LCD Touch",1586,USB Cable,ME-Kevin,V,4.0,,,,,,2014-10-15 00:00:00,,2015-09-16 00:00:00,,,,,,,,,,,,,,,,,,,,,,,,,,,,,,,,,,,
143,192395A-0R5,44-Pos D-SUB TO 37-Pos D-SUB,Cable 272,,¥k4,S,4.0,,,,,,"yhuang:
2006/3/29¤J®w(779166-01S/N:E3D798)
",,,,,,,,,,,,,,,,,,,,,,,,,,,,,,,,,,,,,
144,155418-60,48V Cable for STS,1433-17605,,SEMI,V,2.0,Benson,,Vivian H,2017-12-28 00:00:00,,2017-02-17 00:00:00,,2017-12-28 00:00:00,,,,,,,,,,,,,,,,,,,,,,,,,,,,,,,,,,,
145,783308-01,"48V Desktop Power Supply, 96-264VAC IN, +48VDC@.75A, 36W",36480-0000631,¹q·½½u*1(¥~ÁÊ),E2,S,4.0,,,,,,2015-06-02 00:00:00,,2017-12-21 00:00:00,,,,,,,,,,,,,,,,,,,,,,,,,,,,,,,,,,,
146,783480-01,5V GPS Antenna,086140005,,C1-34,S,4.0,,,,,,2015-02-26 00:00:00,,2017-08-11 00:00:00,,,,,,,,,,,,,,,,,,,,,,,,,,,,,,,,,,,
147,783480-01,5V GPS Antenna,086140043,,C1-39,S,4.0,,,,,,2015-02-26 00:00:00,,2019-10-22 00:00:00,,,,,,,,,,,,,,,,,,,,,,,,,,,,,,,,,,,
148,191834A-01,6542¡÷DVIÂà±µ²°,¬ü°êDVI-1,,¬üDVI,S,4.0,,,,,,,,,,,,,,,,,,,,,,,,,,,,,,,,,,,,,,,,,,,
149,184703B-01,68M50F-SH,C8AA92,,B1-34,S,4.0,,,,,,,,2016-10-17 00:00:00,,,,,,,,,,,,,,,,,,,,,,,,,,,,,,,,,,,
150,779612-01,7390 MITSUBISHI Accessory,7390AC1,,E6,S,4.0,,,,,,2005-11-21 00:00:00,,2019-06-12 00:00:00,,,,,,,,,,,,,,,,,,,,,,,,,,,,,,,,,,,
151,779612-01,7390 MITSUBISHI Accessory,7390AC4,¶b1Ãa¤F,E6,S,4.0,,,,,,2005-12-05 00:00:00,,,,,,,,,,,,,,,,,,,,,,,,,,,,,,,,,,,,,
152,779612-01,7390 MITSUBISHI Accessory,7390AC5,,E6,S,4.0,,,,,,2005-12-05 00:00:00,,2019-04-16 00:00:00,,,,,,,,,,,,,,,,,,,,,,,,,,,,,,,,,,,
153,779612-01,7390 MITSUBISHI Accessory,7390AC6,,E6,S,4.0,,,,,,2005-12-05 00:00:00,,,,,,,,,,,,,,,,,,,,,,,,,,,,,,,,,,,,,
154,779612-01,7390 MITSUBISHI Accessory,7390AC7,,E6,S,4.0,,,,,,2005-12-05 00:00:00,,,,,,,,,,,,,,,,,,,,,,,,,,,,,,,,,,,,,
155,779612-01,7390 MITSUBISHI Accessory,7390AC8,,E6,S,4.0,,,,,,2005-12-06 00:00:00,,,,,,,,,,,,,,,,,,,,,,,,,,,,,,,,,,,,,
156,779612-01,7390 MITSUBISHI Accessory,7390AC9,,E6,S,4.0,,,,,,2005-12-06 00:00:00,,,,,,,,,,,,,,,,,,,,,,,,,,,,,,,,,,,,,
157,779612-01,7390 MITSUBISHI Accessory,7390AC10,,E6,S,4.0,,,,,,2005-12-06 00:00:00,,,,,,,,,,,,,,,,,,,,,,,,,,,,,,,,,,,,,
158,779612-01,7390 MITSUBISHI Accessory,7390AC11,,E6,S,4.0,,,,,,2005-12-06 00:00:00,,2016-11-30 00:00:00,,,,,,,,,,,,,,,,,,,,,,,,,,,,,,,,,,,
159,189919-0R5,9-Pin DIN to two BNC(F),Cable 1073,,S4,V,4.0,,,,,,2012-01-31 00:00:00,,2019-01-17 00:00:00,,,,,,,,,,,,,,,,,,,,,,,,,,,,,,,,,,,
160,189919-0R5,9-Pin DIN to two BNC(F),Cable 1074,,S4,V,4.0,,,,,,2012-01-31 00:00:00,,2014-01-16 00:00:00,,,,,,,,,,,,,,,,,,,,,,,,,,,,,,,,,,,
161,783462-01,"Accessory Kit, cRIO DemoBox",HC2887697,,RAE(M10)-Harvey,V,4.0,,,,,,2016-12-21 00:00:00,,2017-01-16 00:00:00,,,,,,,,,,,,,,,,,,,,,,,,,,,,,,,,,,,
162,783463-01,"Accessory Kit, Shoulder Strap for cRIO DemoBox",HB7990892,,RAE(M10)-Harvey,V,4.0,,,,,,2016-12-21 00:00:00,,2017-01-16 00:00:00,,,,,,,,,,,,,,,,,,,,,,,,,,,,,,,,,,,
163,784799-01,PXIe MIL-STD-1553 Interface Module,1189B,,F1-51,L,10.0,³Í­Z¬ì§Þ¢A·¨°öÅ´,190911-135323,Frank,2019-09-11 00:00:00,2019-10-14 00:00:00,2017-11-30 00:00:00,,2019-01-17 00:00:00,,,,,,,,,,,,,,,,,,,,,,,,,,,,,,,,,,,
164,784808-01,LFH Connector To TWO MALE-D-SUB Connectors,HC6734290,,FSE(M1)-Andrew,V,4.0,,,,,,2019-02-19 00:00:00,,2019-04-02 00:00:00,,,,,,,,,,,,,,,,,,,,,,,,,,,,,,,,,,,
165,784807-01,LFH Connector To Four MIL-STD-1553 TWINAX AND ONE D-SUB,Cable 646,,¥k4,L,10.0,³Í­Z¬ì§Þ¢A·¨°öÅ´,190911-135323,Frank,2019-09-11 00:00:00,2019-10-14 00:00:00,2018-04-12 00:00:00,,2019-01-17 00:00:00,,,,,,,,,,,,,,,,,,,,,,,,,,,,,,,,,,,
166,781186-01,ACX-1553(Single Channel 1553 PXI Interface Module from AIM),4118,"1.Cable*1
2.CD*2
3.Hardware Manual*1
4.Getting Started Manual*1
5.Quick Start Guide*1",®w-FSE(M1)-Andrew,V,10.0,³Í­Z¬ì§Þ¢A§d´f¯¾,191016-110211,Frank,2019-10-16 00:00:00,2019-11-18 00:00:00,2010-01-27 00:00:00,,2019-01-17 00:00:00,,,,,,,,,,,,,,,,,,,,,,,,,,,,,,,,,,,
167,ADAM,ADAM-4520(RS-232 to RS-422/RS-485),IAA0304917,,¥ª1,S,4.0,,,,,,,,2019-01-14 00:00:00,,,,,,,,,,,,,,,,,,,,,,,,,,,,,,,,,,,
168,778713-01,Adapter Cable (Keyboard/Mouse),Cable 092,,¥k3,S,4.0,,,,,,,,,,,,,,,,,,,,,,,,,,,,,,,,,,,,,,,,,,,
169,778713-01,Adapter Cable (Keyboard/Mouse),Cable 093,,¥k3,S,4.0,,,,,,2004-04-13 00:00:00,,,,,,,,,,,,,,,,,,,,,,,,,,,,,,,,,,,,,
170,778713-01,Adapter Cable (Keyboard/Mouse),Cable 094,,¥k3,S,4.0,,,,,,2004-04-13 00:00:00,,,,,,,,,,,,,,,,,,,,,,,,,,,,,,,,,,,,,
171,778713-01,Adapter Cable (Keyboard/Mouse),Cable 095,,¥k3,S,4.0,,,,,,2004-04-13 00:00:00,,,,,,,,,,,,,,,,,,,,,,,,,,,,,,,,,,,,,
172,778713-01,Adapter Cable (Keyboard/Mouse),Cable 096,,¥k3,S,4.0,,,,,,,,,,,,,,,,,,,,,,,,,,,,,,,,,,,,,,,,,,,
173,778713-01,Adapter Cable (Keyboard/Mouse),Cable 949,,FSE(S2)-Ronland,V,4.0,,,,,,2004-04-15 00:00:00,,,,,,,,,,,,,,,,,,,,,,,,,,,,,,,,,,,,,
174,778713-01,"Adapter Cable PS2 to PS2
(Keyboard/Mouse)",,,MDR-Sound+¦å¿},V,4.0,,,,,,,,,,,,,,,,,,,,,,,,,,,,,,,,,,,,,,,,,,,
175,¦Û»s,ADC «Ý´úª«,DAC Test,,MDR-ADC+Streaming,V,4.0,,,,,,,,,,,,,,,,,,,,,,,,,,,,,,,,,,,,,,,,,,,
176,"782026-01
(RL127-625NC)","Advanced Illumination RL127,Red Ring Light",35311058,,®w-FSE(N1)-Wayne,V,4.0,,,,,,2013-02-07 00:00:00,,,AE Keep,,,,,,,,,,,,,,,,,,,,,,,,,,,,,,,,,,
177,3188012,Agilent PCI-GPIB,A2901623,,B4-52,S,4.0,,,,,,2006-10-20 00:00:00,,,,,,,,,,,,,,,,,,,,,,,,,,,,,,,,,,,,,
178,781901-03,AIT MIL-STD-1553(§tCalbe*1),AIT0319,"AIT#CBL-VHDCI-1553-4 Cable*1
Hardware Manual*1
Driver CD*1",C2,L,10.0,³Í­Z¬ì§Þ¢A·¨°öÅ´,190911-135323,Frank,2019-09-11 00:00:00,2019-10-14 00:00:00,2011-07-29 00:00:00,,2019-01-17 00:00:00,,,,,,,,,,,,,,,,,,,,,,,,,,,,,,,,,,,
179,781532-01,"AKM12C-ANCNC-00 BLDC Motor with SFD, 4000RPM@160VDC, 1.08Nm ",111517227,,®w-FSE(N1)-Wayne,V,4.0,,,,,,2012-10-31 00:00:00,,2018-09-04 00:00:00,,,,,,,,,,,,,,,,,,,,,,,,,,,,,,,,,,,
180,781533-01,"AKM12E-ANCNC-00 BLDC Motor with SFD, 8000RPM@160VDC, 0.91Nm",124920161,,SDR-ECAT,V,2.0,Harvey,,Vivian H,2015-09-08 00:00:00,,2013-07-03 00:00:00,,2015-09-08 00:00:00,,,,,,,,,,,,,,,,,,,,,,,,,,,,,,,,,,,
181,781533-01,"AKM12E-ANCNC-00 BLDC Motor with SFD, 8000RPM@160VDC, 0.91Nm",124920162,,SDR-ECAT,V,2.0,Harvey,,Vivian H,2015-09-08 00:00:00,,2013-07-03 00:00:00,,2015-09-08 00:00:00,,,,,,,,,,,,,,,,,,,,,,,,,,,,,,,,,,,
182,781533-01,"AKM12E-ANCNC-00 BLDC Motor with SFD, 8000RPM@160VDC, 0.91Nm",124620661,,®w-SDR-ECAT,V,2.0,Simon C,,Vivian H,2019-03-26 00:00:00,,2013-07-03 00:00:00,,2018-10-09 00:00:00,,,,,,,,,,,,,,,,,,,,,,,,,,,,,,,,,,,
183,781536-01,"AKM21C-ANBNC-00 BLDC Motor with SFD, 2500RPM@160VDC, 1.48Nm ",120508576,,®w-FSE(N1)-Wayne,V,4.0,,,,,,2012-10-31 00:00:00,,2018-10-09 00:00:00,,,,,,,,,,,,,,,,,,,,,,,,,,,,,,,,,,,
184,781541-01,"AKM23F-ANBNC-00 BLDC Motor with SFD, 4500 RPM@160VDC, 3.88Nm",124209333,,®w-FSE(N1)-Wayne,V,4.0,,,,,,2012-11-20 00:00:00,,2018-05-15 00:00:00,,,,,,,,,,,,,,,,,,,,,,,,,,,,,,,,,,,
185,181990-01,AMUX-64T,A5A61F,,A3-05,S,4.0,,,,,,,,,,,,,,,,,,,,,,,,,,,,,,,,,,,,,,,,,,,
186,AB7643,Anybus CClink,A004C6C5,"DB9F Cable*1
Paper*3",¥ª3,S,4.0,,,,,,2005-11-08 00:00:00,,,,,,,,,,,,,,,,,,,,,,,,,,,,,,,,,,,,,
187,779671-01,APS-4100 DC Power Supplies,P10132024,,¼Æªö¢A©uªQ¥­,V,4.0,,,,,,2006-08-22 00:00:00,,,,,,,,,,,,,,,,,,,,,,,,,,,,,,,,,,,,,
188,779671-01,APS-4100 DC Power Supplies,P10124404,,®w-³¢¬Ó§Ó,V,4.0,,,,,,2006-06-16 00:00:00,,2017-06-21 00:00:00,,,,,,,,,,,,,,,,,,,,,,,,,,,,,,,,,,,
189,779671-01,APS-4100 DC Power Supplies,04209369 0726,±µÀY¬O»rªº,®w-ªL®æÞ³,V,4.0,,,,,,2008-02-21 00:00:00,,2016-10-28 00:00:00,,,,,,,,,,,,,,,,,,,,,,,,,,,,,,,,,,,
190,779671-01,APS-4100 DC Power Supplies,P10140162,,®w-FSE(N5)-Marvin,V,4.0,,,,,,2006-12-13 00:00:00,,2016-06-06 00:00:00,,,,,,,,,,,,,,,,,,,,,,,,,,,,,,,,,,,
191,779671-01,APS-4100 DC Power Supplies,04209547 0726,,®w-FSE(N3)-Andy,V,4.0,,,,,,2008-02-21 00:00:00,,2016-10-28 00:00:00,,,,,,,,,,,,,,,,,,,,,,,,,,,,,,,,,,,
192,779671-01,APS-4100 DC Power Supplies,P10131962,,®w-FSE(N1)-Wayne,V,4.0,,,,,,2006-08-22 00:00:00,,2016-10-28 00:00:00,,,,,,,,,,,,,,,,,,,,,,,,,,,,,,,,,,,
193,779671-01,APS-4100 DC Power Supplies,04209770 0726,,®w-FSE(M6)-Tom,V,4.0,,,,,,2008-01-30 00:00:00,,2016-10-28 00:00:00,,,,,,,,,,,,,,,,,,,,,,,,,,,,,,,,,,,
194,779671-01,APS-4100 DC Power Supplies,P10124386,,®w-FSE(M1)-Andrew,V,4.0,,,,,,2006-06-16 00:00:00,,2016-10-28 00:00:00,,,,,,,,,,,,,,,,,,,,,,,,,,,,,,,,,,,
195,779671-01,APS-4100 DC Power Supplies,04209302 0726,¹q·½½u*1,SR4,V,4.0,,,,,,2008-06-05 00:00:00,,,,,,,,,,,,,,,,,,,,,,,,,,,,,,,,,,,,,
196,779671-01,APS-4100 DC Power Supplies,04209378 0726,¹q·½½u*1,SR3,V,4.0,,,,,,2008-06-05 00:00:00,,2014-01-16 00:00:00,,,,,,,,,,,,,,,,,,,,,,,,,,,,,,,,,,,
197,779671-01,APS-4100 DC Power Supplies,04209362 0726,¹q·½½u*1,SR2,V,4.0,,,,,,2008-06-05 00:00:00,,2014-01-16 00:00:00,,,,,,,,,,,,,,,,,,,,,,,,,,,,,,,,,,,
198,779671-01,APS-4100 DC Power Supplies,04169027 0725,¹q·½½u*1,SR1,V,4.0,,,,,,2008-06-05 00:00:00,,2014-01-16 00:00:00,,,,,,,,,,,,,,,,,,,,,,,,,,,,,,,,,,,
199,779671-01,APS-4100 DC Power Supplies,04209372 0726,¹q·½½u*1,SR0,V,4.0,,,,,,2008-06-05 00:00:00,,,,,,,,,,,,,,,,,,,,,,,,,,,,,,,,,,,,,
200,779671-01,APS-4100 DC Power Supplies,04169031 0725,,S4,V,2.0,Ivan,,Karen,2015-04-13 00:00:00,,2008-02-12 00:00:00,,2015-04-13 00:00:00,,,,,,,,,,,,,,,,,,,,,,,,,,,,,,,,,,,
201,779671-01,APS-4100 DC Power Supplies,P10124391,,RAE(N1)-Jay,D,7.0,,,,,,2006-06-16 00:00:00,,,,,,,,,,,,,,,,,,,,,,,,,,,,,,,,,,,,,
202,779671-01,APS-4100 DC Power Supplies,P10124389,,FSE(N6)-Vivian,V,4.0,,,,,,2006-06-16 00:00:00,,,,,,,,,,,,,,,,,,,,,,,,,,,,,,,,,,,,,
203,779671-01,APS-4100 DC Power Supplies,P10124398,,C4,S,4.0,,,,,,2006-06-16 00:00:00,,2019-05-23 00:00:00,,,,,,,,,,,,,,,,,,,,,,,,,,,,,,,,,,,
204,779671-01,APS-4100 DC Power Supplies,P10124401,,C4,D,7.0,Steve,,Vivian H,2008-05-05 00:00:00,,2006-06-16 00:00:00,,2008-05-05 00:00:00,,,,,,,,,,,,,,,,,,,,,,,,,,,,,,,,,,,
205,779671-01,APS-4100 DC Power Supplies,P10132045,,C4,S,4.0,,,,,,2006-08-22 00:00:00,,2019-10-24 00:00:00,,,,,,,,,,,,,,,,,,,,,,,,,,,,,,,,,,,
206,779671-01,APS-4100 DC Power Supplies,05231698 0844,,C4,L,12.0,¥þ²y»ö¾¹¢A¹ù¤åÖö,170313-173322,Serena,2017-03-13 00:00:00,2019-03-31 00:00:00,2009-04-22 00:00:00,,2017-03-15 00:00:00,,,,,,,,,,,,,,,,,,,,,,,,,,,,,,,,,,,
207,779671-01,APS-4100 DC Power Supplies,05231654 0844,,C4,L,0.0,¤é¤ë¥ú¢A¬x¶i±j,181011-111514,Serena,2018-10-15 00:00:00,2018-11-16 00:00:00,2009-07-09 00:00:00,,2018-07-31 00:00:00,,,,,,,,,,,,,,,,,,,,,,,,,,,,,,,,,,,
208,779671-01,APS-4100 DC Power Supplies,05260265 0846,,C4,L,0.0,¤é¤ë¥ú¢A¬x¶i±j,181011-111514,Serena,2018-10-15 00:00:00,2018-11-16 00:00:00,2009-07-14 00:00:00,,2015-09-16 00:00:00,,,,,,,,,,,,,,,,,,,,,,,,,,,,,,,,,,,
209,782888-01,APS-411x DC Power Supplies,K13160084,,½n¦t¢A¼B‰h¨j,V,4.0,,,,,,2013-07-25 00:00:00,,2013-08-19 00:00:00,Andy,,,,,,,,,,,,,,,,,,,,,,,,,,,,,,,,,,
210,782888-01,APS-411x DC Power Supplies,K13160108,,S4,V,4.0,,,,,,2013-07-23 00:00:00,,2014-01-16 00:00:00,Andy,,,,,,,,,,,,,,,,,,,,,,,,,,,,,,,,,,
211,782888-01,APS-411x DC Power Supplies,K13160100,,S4,V,4.0,,,,,,2013-07-23 00:00:00,,2014-01-16 00:00:00,Andy,,,,,,,,,,,,,,,,,,,,,,,,,,,,,,,,,,
212,ASCOR,ASCOR-7210(M#:PXI-7210),0100696,"Book*1
ºÏ¤ù*3(2007/6/23©v¦Ú¥á¤F)",¥ª4,S,4.0,,,,,,2006-07-03 00:00:00,,,,,,,,,,,,,,,,,,,,,,,,,,,,,,,,,,,,,
213,782248-01,AT-1120,103F000C,,®w-FSE(M8)-Zac,V,4.0,,,,,,2013-09-25 00:00:00,,2019-12-06 00:00:00,,,,,,,,,,,,,,,,,,,,,,,,,,,,,,,,,,,
214,782248-02,AT-1212,203F0016,,½n¦t¢A¼B‰h¨j,V,4.0,,,,,,2013-07-25 00:00:00,2017/11/15 RMA,2017-11-16 00:00:00,,,,,,,,,,,,,,,,,,,,,,,,,,,,,,,,,,,
215,777312-04,AT-485/232-4CH,000419,,B1-18,S,4.0,,,,,,,,,,,,,,,,,,,,,,,,,,,,,,,,,,,,,,,,,,,
216,777312-04,AT-485/232-4CH,000406,,B1-17,S,4.0,,,,,,,,,,,,,,,,,,,,,,,,,,,,,,,,,,,,,,,,,,,
217,777313-01,AT-DIO-32HS,C8142F,,B1-14,S,4.0,,,,,,,,,,,,,,,,,,,,,,,,,,,,,,,,,,,,,,,,,,,
218,778036-01,AT-GPIB/TNT(PNP),B2AAD6,,A2-22,S,4.0,,,,,,,,,,,,,,,,,,,,,,,,,,,,,,,,,,,,,,,,,,,
219,778036-01,AT-GPIB/TNT(PNP),BDCFC0,,A2-28,S,4.0,,,,,,,,,,,,,,,,,,,,,,,,,,,,,,,,,,,,,,,,,,,
220,777561-01,AT-GPIB/TNT+,C1AE81,,A1-31,S,4.0,,,,,,,,2016-08-19 00:00:00,,,,,,,,,,,,,,,,,,,,,,,,,,,,,,,,,,,
221,777561-01,AT-GPIB/TNT+,A00C31,,A1-15,S,4.0,,,,,,,,,,,,,,,,,,,,,,,,,,,,,,,,,,,,,,,,,,,
222,776909-01,AT-MIO-16E-10 ,A5A06D,,A2-63,S,4.0,,,,,,,,,,,,,,,,,,,,,,,,,,,,,,,,,,,,,,,,,,,
223,776909-01,AT-MIO-16E-10 ,A1D952,,A2-62,S,4.0,,,,,,,,,,,,,,,,,,,,,,,,,,,,,,,,,,,,,,,,,,,
224,776909-01,AT-MIO-16E-10 ,A14742,DIO Port 0 Line 0 Ãa¤F,A2-61,S,4.0,,,,,,,,,,,,,,,,,,,,,,,,,,,,,,,,,,,,,,,,,,,
225,"781589-01
(36585K-L)",Automatic VNA Calibration Kit(10 MHz-6 GHz),1033012,,S6,V,4.0,,,,,,2010-11-08 00:00:00,,2018-11-01 00:00:00,,,,,,,,,,,,,,,,,,,,,,,,,,,,,,,,,,,
226,782364-02,Automatic VNA Calibration Kit(70 KHz-9 GHz),A12420040,"Power Supply*1
D-Sub 9 Pin  M/F Cable*1",ME-Fred,V,4.0,,,,,,2013-10-08 00:00:00,,2017-04-19 00:00:00,SE Keep,,,,,,,,,,,,,,,,,,,,,,,,,,,,,,,,,,
227,754352-01,VNA Multiport Cable*3,754352-01-01,"M9370-20006*1
M9370-20018*1
M9370-20019*1",RF(02)-Benson,V,2.0,Hsun,,Vivian H,2018-07-31 00:00:00,,2018-07-16 00:00:00,,2018-07-18 00:00:00,,,,,,,,,,,,,,,,,,,,,,,,,,,,,,,,,,,
228,754353-01,VNA Tool Kit*2,754353-01-01,"5002-3361*1
5023-1450*1",RF(02)-Benson,V,4.0,,,,,,2018-07-16 00:00:00,,2018-12-25 00:00:00,,,,,,,,,,,,,,,,,,,,,,,,,,,,,,,,,,,
229,"754355-01
Keysight(N7550A)",VNA Electronic Calibration Module 3.5MM Jack-Jack,MY56150238,8121-2671 USB Cable*1,RF(02)-Benson,V,4.0,,,,,,2018-07-16 00:00:00,2019/6/17 ®ÕÅç¨ì´Á,2018-12-25 00:00:00,,,,,,,,,,,,,,,,,,,,,,,,,,,,,,,,,,,
230,"143686A-01
Keysight(M9371A)","ASSY,M9371A PXIE VECTOR NETWORK ANALYZER, 300 KHZ TO 6.5 GHZ (STS ONLY)",MY55441369,,RF(02)-Benson,V,2.0,Hsun,,Vivian H,2018-08-07 00:00:00,,2018-06-11 00:00:00,,,,,,,,,,,,,,,,,,,,,,,,,,,,,,,,,,,,,
231,"143686A-01
Keysight(M9371A)","ASSY,M9371A PXIE VECTOR NETWORK ANALYZER, 300 KHZ TO 6.5 GHZ (STS ONLY)",MY55441427,,RF(02)-Benson,V,2.0,Hsun,,Vivian H,2018-08-07 00:00:00,,2018-06-11 00:00:00,,,,,,,,,,,,,,,,,,,,,,,,,,,,,,,,,,,,,
232,"149130A-01
Keysight(M9370A)","ASSY,M9370A PXIE VECTOR NETWORK ANALYZER, 300 KHZ TO 4 GHZ (STS ONLY)",MY57050784,,RF(02)-Benson,V,4.0,,,,,,2018-07-26 00:00:00,2019/5/21 ®ÕÅç¨ì´Á,2018-07-26 00:00:00,,,,,,,,,,,,,,,,,,,,,,,,,,,,,,,,,,,
233,"149130A-01
Keysight(M9370A)","ASSY,M9370A PXIE VECTOR NETWORK ANALYZER, 300 KHZ TO 4 GHZ (STS ONLY)",MY57050819,,RF(02)-Benson,V,4.0,,,,,,2018-07-26 00:00:00,2019/5/24 ®ÕÅç¨ì´Á,2018-07-26 00:00:00,,,,,,,,,,,,,,,,,,,,,,,,,,,,,,,,,,,
234,185259-0R3,AUX 100(5102 cable),Cable 049,,¥k3,S,4.0,,,,,,,,,,,,,,,,,,,,,,,,,,,,,,,,,,,,,,,,,,,
235,185259-0R3,AUX 100(5102 cable),Cable 050,,¥k3,S,4.0,,,,,,,,,,,,,,,,,,,,,,,,,,,,,,,,,,,,,,,,,,,
236,185259-0R3,AUX 100(5102 cable),Cable 058,,¥k3,S,4.0,,,,,,,,,,,,,,,,,,,,,,,,,,,,,,,,,,,,,,,,,,,
237,782436-02,AWK-3121,TAEAB1066563,¤Ñ½u*2,®w-ME-John W,V,4.0,,,,,,2016-05-18 00:00:00,,2018-12-12 00:00:00,,,,,,,,,,,,,,,,,,,,,,,,,,,,,,,,,,,
238,779984-01,Basler I/O Cable for IEEE 1394b cameras,Cable 2032,,®w-FSE(M4)-Jimmy K,V,4.0,,,,,,2011-07-21 00:00:00,,2015-09-16 00:00:00,,,,,,,,,,,,,,,,,,,,,,,,,,,,,,,,,,,
239,779984-01,Basler I/O Cable for IEEE 1394b cameras,Cable 421,,¥k4,S,4.0,,,,,,2007-09-27 00:00:00,,2018-01-04 00:00:00,,,,,,,,,,,,,,,,,,,,,,,,,,,,,,,,,,,
240,779984-01,Basler I/O Cable for IEEE 1394b cameras,Cable 1041 ,,S4,V,4.0,,,,,,2013-04-01 00:00:00,,2015-09-16 00:00:00,,,,,,,,,,,,,,,,,,,,,,,,,,,,,,,,,,,
241,779984-01,Basler I/O Cable for IEEE 1394b cameras,Cable 2025,,FSE(M3)-Ryan,V,4.0,,,,,,2011-02-15 00:00:00,,,,,,,,,,,,,,,,,,,,,,,,,,,,,,,,,,,,,
242,779985-01,Basler Trigger & I/O Cable for GigE Cameras,Cable 1092,,S4,V,4.0,,,,,,2012-01-31 00:00:00,,2019-01-14 00:00:00,,,,,,,,,,,,,,,,,,,,,,,,,,,,,,,,,,,
243,779985-01,Basler Trigger & I/O Cable for GigE Cameras,Cable 1093,,S4,V,4.0,,,,,,2012-01-31 00:00:00,,2015-12-04 00:00:00,,,,,,,,,,,,,,,,,,,,,,,,,,,,,,,,,,,
244,779985-01,Basler Trigger & I/O Cable for GigE Cameras,Cable 1094,,S4,V,4.0,,,,,,2012-01-31 00:00:00,,2015-10-01 00:00:00,,,,,,,,,,,,,,,,,,,,,,,,,,,,,,,,,,,
245,¥~ÁÊ,Bluetooth USB Adapter,,,ÅK00,S,4.0,,,,,,2004-11-10 00:00:00,1350,,,,,,,,,,,,,,,,,,,,,,,,,,,,,,,,,,,,
246,183882A-02,BNC TO BNC,Cable 951,,FSE(M6)-Tom,V,4.0,,,,,,,,,,,,,,,,,,,,,,,,,,,,,,,,,,,,,,,,,,,
247,¥~ÁÊ,BNC TO BNC(1M),Cable 188,,¥k4,S,4.0,,,,,,,,2018-09-14 00:00:00,,,,,,,,,,,,,,,,,,,,,,,,,,,,,,,,,,,
248,¥~ÁÊ,BNC TO BNC(1M),Cable 189,,¥k4,S,4.0,,,,,,,,2018-09-14 00:00:00,,,,,,,,,,,,,,,,,,,,,,,,,,,,,,,,,,,
249,¥~ÁÊ,BNC TO BNC(2M),Cable 190,,¥k4,S,4.0,,,,,,,,2018-02-05 00:00:00,,,,,,,,,,,,,,,,,,,,,,,,,,,,,,,,,,,
250,¥~ÁÊ,BNC TO BNC(2M),Cable 191,,¥k4,S,4.0,,,,,,,,,,,,,,,,,,,,,,,,,,,,,,,,,,,,,,,,,,,
251,779697-02,BNC(M) to BNC(M) Cable*4,HC4223844,,TR7,V,4.0,,,,,,2017-03-28 00:00:00,,2017-04-14 00:00:00,,,,,,,,,,,,,,,,,,,,,,,,,,,,,,,,,,,
252,779697-02,BNC(M) to BNC(M) Cable*4,HC4155696,,TR7,V,4.0,,,,,,2017-03-28 00:00:00,,2017-04-14 00:00:00,,,,,,,,,,,,,,,,,,,,,,,,,,,,,,,,,,,
253,779697-02,BNC(M) to BNC(M) Cable*4,HC4223846,,TR6,V,4.0,,,,,,2017-03-28 00:00:00,,2017-04-14 00:00:00,,,,,,,,,,,,,,,,,,,,,,,,,,,,,,,,,,,
254,779697-02,BNC(M) to BNC(M) Cable*4,HC4075521,,TR6,V,4.0,,,,,,2017-03-28 00:00:00,,2017-04-14 00:00:00,,,,,,,,,,,,,,,,,,,,,,,,,,,,,,,,,,,
255,779697-02,BNC(M) to BNC(M) Cable*4,HC4223840,,TR5,V,4.0,,,,,,2017-03-28 00:00:00,,2017-04-14 00:00:00,,,,,,,,,,,,,,,,,,,,,,,,,,,,,,,,,,,
256,779697-02,BNC(M) to BNC(M) Cable*4,HC4075519,,TR5,V,4.0,,,,,,2017-03-28 00:00:00,,2017-04-14 00:00:00,,,,,,,,,,,,,,,,,,,,,,,,,,,,,,,,,,,
257,779697-02,BNC(M) to BNC(M) Cable*4,HC4223838,,TR4,V,4.0,,,,,,2017-03-28 00:00:00,,2017-04-14 00:00:00,,,,,,,,,,,,,,,,,,,,,,,,,,,,,,,,,,,
258,779697-02,BNC(M) to BNC(M) Cable*4,HC4155706,,TR4,V,4.0,,,,,,2017-03-28 00:00:00,,2017-04-14 00:00:00,,,,,,,,,,,,,,,,,,,,,,,,,,,,,,,,,,,
259,779697-02,BNC(M) to BNC(M) Cable*4,HC4223842,,TR3,V,4.0,,,,,,2017-03-28 00:00:00,,2017-04-14 00:00:00,,,,,,,,,,,,,,,,,,,,,,,,,,,,,,,,,,,
260,779697-02,BNC(M) to BNC(M) Cable*4,HC4155686,,TR3,V,4.0,,,,,,2017-03-28 00:00:00,,2017-04-14 00:00:00,,,,,,,,,,,,,,,,,,,,,,,,,,,,,,,,,,,
261,779697-02,BNC(M) to BNC(M) Cable*4,HC4223843,,TR2,V,4.0,,,,,,2017-03-28 00:00:00,,2017-04-14 00:00:00,,,,,,,,,,,,,,,,,,,,,,,,,,,,,,,,,,,
262,779697-02,BNC(M) to BNC(M) Cable*4,HC4155695,,TR2,V,4.0,,,,,,2017-03-28 00:00:00,,2017-04-14 00:00:00,,,,,,,,,,,,,,,,,,,,,,,,,,,,,,,,,,,
263,779697-02,BNC(M) to BNC(M) Cable*4,HC4223420,,TR1,V,4.0,,,,,,2017-03-28 00:00:00,,2017-04-14 00:00:00,,,,,,,,,,,,,,,,,,,,,,,,,,,,,,,,,,,
264,779697-02,BNC(M) to BNC(M) Cable*4,HC4223419,,TR1,V,4.0,,,,,,2017-03-28 00:00:00,,2017-04-14 00:00:00,,,,,,,,,,,,,,,,,,,,,,,,,,,,,,,,,,,
265,779697-02,BNC(M) to BNC(M) Cable*4,HC3847521,,TR0,V,4.0,,,,,,2017-03-28 00:00:00,,2017-04-14 00:00:00,,,,,,,,,,,,,,,,,,,,,,,,,,,,,,,,,,,
266,779697-02,BNC(M) to BNC(M) Cable*4,HC4223423,,TR0,V,4.0,,,,,,2017-03-28 00:00:00,,2017-04-14 00:00:00,,,,,,,,,,,,,,,,,,,,,,,,,,,,,,,,,,,
267,777643-01,BNC-2110 ,CF903D,,E6,S,4.0,,,,,,,,2018-06-25 00:00:00,,,,,,,,,,,,,,,,,,,,,,,,,,,,,,,,,,,
268,777643-01,BNC-2110 ,1084BEC,,E6,S,4.0,,,,,,2006-12-05 00:00:00,,2018-01-25 00:00:00,,,,,,,,,,,,,,,,,,,,,,,,,,,,,,,,,,,
269,777643-01,BNC-2110 ,106A76C,,E6,S,4.0,,,,,,2009-10-07 00:00:00,,,,,,,,,,,,,,,,,,,,,,,,,,,,,,,,,,,,,
270,777960-01,BNC-2120,CDE649,,®w-AE(07)-Elca,V,4.0,,,,,,2004-11-11 00:00:00,,2019-12-11 00:00:00,,,,,,,,,,,,,,,,,,,,,,,,,,,,,,,,,,,
271,777960-01,BNC-2120,17344B2,AI0 failed(¤£¯àRMA),AE(05)-Tony Chen,V,4.0,,,,,,2012-09-20 00:00:00,,2018-08-27 00:00:00,,,,,,,,,,,,,,,,,,,,,,,,,,,,,,,,,,,
272,777960-01,BNC-2120,17344EC,,®wAE(04)-Chuck,V,2.0,Ethan,,Vivian H,2019-06-26 00:00:00,,2011-08-23 00:00:00,,2019-04-30 00:00:00,,,,,,,,,,,,,,,,,,,,,,,,,,,,,,,,,,,
273,777960-01,BNC-2120,CDF428,,AE(01)-Noter,V,4.0,,,,,,2004-11-11 00:00:00,,2018-04-09 00:00:00,,,,,,,,,,,,,,,,,,,,,,,,,,,,,,,,,,,
274,777960-01,BNC-2120,CDF429,,©v¦Ú¢AªL«T½å,V,4.0,,,,,,,,,,,,,,,,,,,,,,,,,,,,,,,,,,,,,,,,,,,
275,777960-01,BNC-2120,14F3340,,TR9,V,4.0,,,,,,2010-06-22 00:00:00,,,,,,,,,,,,,,,,,,,,,,,,,,,,,,,,,,,,,
276,777960-01,BNC-2120,14F3388,,TR8,V,4.0,,,,,,2010-06-22 00:00:00,,,,,,,,,,,,,,,,,,,,,,,,,,,,,,,,,,,,,
277,777960-01,BNC-2120,14F336F,,TR7,V,4.0,,,,,,2010-06-22 00:00:00,,2019-06-26 00:00:00,,,,,,,,,,,,,,,,,,,,,,,,,,,,,,,,,,,
278,777960-01,BNC-2120,14F3331,,TR6,V,4.0,,,,,,2010-06-22 00:00:00,,,,,,,,,,,,,,,,,,,,,,,,,,,,,,,,,,,,,
279,777960-01,BNC-2120,14F331F,,TR4,V,4.0,,,,,,2010-06-22 00:00:00,,,,,,,,,,,,,,,,,,,,,,,,,,,,,,,,,,,,,
280,777960-01,BNC-2120,14F3381,,TR3,V,4.0,,,,,,2010-06-22 00:00:00,,,,,,,,,,,,,,,,,,,,,,,,,,,,,,,,,,,,,
281,777960-01,BNC-2120,14F3323,,TR2,V,9.0,Pagie,3285088,Vivian H,,,2010-06-22 00:00:00,,2019-12-10 00:00:00,,,,,,,,,,,,,,,,,,,,,,,,,,,,,,,,,,,
282,777960-01,BNC-2120,14CFD6A,,TR1,V,4.0,,,,,,2010-06-15 00:00:00,,,,,,,,,,,,,,,,,,,,,,,,,,,,,,,,,,,,,
283,777960-01,BNC-2120,14F337C,,TR00,V,4.0,,,,,,2010-06-22 00:00:00,,,,,,,,,,,,,,,,,,,,,,,,,,,,,,,,,,,,,
284,777960-01,BNC-2120,14F3336,,TR0,V,4.0,,,,,,2010-07-16 00:00:00,,2016-01-21 00:00:00,,,,,,,,,,,,,,,,,,,,,,,,,,,,,,,,,,,
285,777960-01,BNC-2120,14F337E,,SR8,V,4.0,,,,,,2010-06-22 00:00:00,,,,,,,,,,,,,,,,,,,,,,,,,,,,,,,,,,,,,
286,777960-01,BNC-2120,14F332F,,SR7,V,4.0,,,,,,2010-06-22 00:00:00,,,,,,,,,,,,,,,,,,,,,,,,,,,,,,,,,,,,,
287,777960-01,BNC-2120,14F332E,,SR6,V,4.0,,,,,,2010-06-22 00:00:00,,,,,,,,,,,,,,,,,,,,,,,,,,,,,,,,,,,,,
288,777960-01,BNC-2120,14F338A,,SR5,V,4.0,,,,,,2010-06-22 00:00:00,,,,,,,,,,,,,,,,,,,,,,,,,,,,,,,,,,,,,
289,777960-01,BNC-2120,14F3382,,SR4,V,4.0,,,,,,2010-06-22 00:00:00,,,,,,,,,,,,,,,,,,,,,,,,,,,,,,,,,,,,,
290,777960-01,BNC-2120,14F3335,,SR3,V,4.0,,,,,,2010-06-22 00:00:00,,,,,,,,,,,,,,,,,,,,,,,,,,,,,,,,,,,,,
291,777960-01,BNC-2120,14F3375,,SR2,V,4.0,,,,,,2010-06-22 00:00:00,,,,,,,,,,,,,,,,,,,,,,,,,,,,,,,,,,,,,
292,777960-01,BNC-2120,14CFD17,,SR1,V,4.0,,,,,,2010-06-22 00:00:00,,,,,,,,,,,,,,,,,,,,,,,,,,,,,,,,,,,,,
293,777960-01,BNC-2120,14CFD33,,SR0,V,4.0,,,,,,2010-06-22 00:00:00,,,,,,,,,,,,,,,,,,,,,,,,,,,,,,,,,,,,,
294,777960-01,BNC-2120,CF29D4,,S2,V,4.0,,,,,,,,2015-09-16 00:00:00,,,,,,,,,,,,,,,,,,,,,,,,,,,,,,,,,,,
295,777960-01,BNC-2120,C7B078,,®w-FSE(N7)-Kevin Y,V,4.0,,,,,,,,2019-05-23 00:00:00,,,,,,,,,,,,,,,,,,,,,,,,,,,,,,,,,,,
296,777960-01,BNC-2120,14CFD2D,°T¸¹²£¥Í¾¹±Û¶s²æ¸¨*2,E6,S,4.0,,,,,,2010-06-15 00:00:00,,2018-06-05 00:00:00,,,,,,,,,,,,,,,,,,,,,,,,,,,,,,,,,,,
297,777960-01,BNC-2120,11295C4,,E6,L,2.0,Harvey,,Vivian H,2017-01-03 00:00:00,,2005-08-10 00:00:00,,2016-06-28 00:00:00,,,,,,,,,,,,,,,,,,,,,,,,,,,,,,,,,,,
298,777960-01,BNC-2120,15FA129,,AE(06)-Tom H,V,4.0,,,,,,2011-08-23 00:00:00,,2018-01-22 00:00:00,,,,,,,,,,,,,,,,,,,,,,,,,,,,,,,,,,,
299,777960-01,BNC-2120,15FA0BE,,AE(02)-Welly,V,4.0,,,,,,2011-08-23 00:00:00,,2018-08-27 00:00:00,,,,,,,,,,,,,,,,,,,,,,,,,,,,,,,,,,,
300,778289-01,BNC-2121,1360783,,E6,S,4.0,,,,,,2009-04-15 00:00:00,,2015-09-16 00:00:00,,,,,,,,,,,,,,,,,,,,,,,,,,,,,,,,,,,
301,184777F-01,BNC-2140,CE9E49,,¥ª1,S,4.0,,,,,,,,,,,,,,,,,,,,,,,,,,,,,,,,,,,,,,,,,,,
302,184777B-01,BNC-2140,D06E98,,¥ª1,S,4.0,,,,,,,,,,,,,,,,,,,,,,,,,,,,,,,,,,,,,,,,,,,
303,777664-01,CA-1000,13AB8D8,,MDR-»k¨è¾÷,V,4.0,,,,,,2008-08-28 00:00:00,,,,,,,,,,,,,,,,,,,,,,,,,,,,,,,,,,,,,
304,777664-01,CA-1000,1328C4C,,MDR-TestStand Filter,V,4.0,,,,,,2008-08-28 00:00:00,,,,,,,,,,,,,,,,,,,,,,,,,,,,,,,,,,,,,
305,,Cable,¬üEven5-4,,¬üEven5,S,4.0,,,,,,,,,,,,,,,,,,,,,,,,,,,,,,,,,,,,,,,,,,,
306,784657-01,"CABLE ASSY, 2X30 TO 3 2X10 FOR NI 553X",Cable 1171,,S4,V,2.0,Serena,,Vivian H,2016-09-19 00:00:00,,2016-03-29 00:00:00,,2016-03-29 00:00:00,,,,,,,,,,,,,,,,,,,,,,,,,,,,,,,,,,,
307,784657-01,"CABLE ASSY, 2X30 TO 3 2X10 FOR NI 553X",Cable 1193,,S4,V,4.0,,,,,,2016-12-21 00:00:00,,2018-10-23 00:00:00,,,,,,,,,,,,,,,,,,,,,,,,,,,,,,,,,,,
308,784657-01,"CABLE ASSY, 2X30 TO 3 2X10 FOR NI 553X",Cable 1194,,S4,V,4.0,,,,,,2016-12-29 00:00:00,,2018-08-17 00:00:00,,,,,,,,,,,,,,,,,,,,,,,,,,,,,,,,,,,
309,763886-01,"CABLE ASSY, 2X30 TO 3 2X10 FOR NI 553X",Cable 1203,,S4,V,4.0,,,,,,2017-07-10 00:00:00,,2017-08-04 00:00:00,,,,,,,,,,,,,,,,,,,,,,,,,,,,,,,,,,,
310,784657-01,"CABLE ASSY, 2X30 TO 3 2X10 FOR NI 553X",Cable 2119,,Bianca,V,2.0,Ricky,,Vivian H,2019-05-06 00:00:00,,2017-07-25 00:00:00,,2017-08-03 00:00:00,,,,,,,,,,,,,,,,,,,,,,,,,,,,,,,,,,,
311,185444B-02,"Cable Assy, Tpye HV8-BAN4 (2m)",Cable 046,,¥k3,S,4.0,,,,,,,,,,,,,,,,,,,,,,,,,,,,,,,,,,,,,,,,,,,
312,781092-01,Cable for NI 2512/2514(To 8-pin D-SUB)(Type DB8F-DF8F-40A),HA9484205,,S4,V,4.0,,,,,,2010-08-25 00:00:00,,2014-01-16 00:00:00,,,,,,,,,,,,,,,,,,,,,,,,,,,,,,,,,,,
313,781092-01,Cable for NI 2512/2514(To 8-pin D-SUB)(Type DB8F-DF8F-40A),HA9578514,,S4,V,4.0,,,,,,2010-08-25 00:00:00,,2014-01-16 00:00:00,,,,,,,,,,,,,,,,,,,,,,,,,,,,,,,,,,,
314,781092-02,Cable for NI 2512/2514(To Bare Wire)(Type-DB8F-Bare Wire-40A),HA9578511,,S4,V,4.0,,,,,,2010-08-25 00:00:00,,2014-01-16 00:00:00,,,,,,,,,,,,,,,,,,,,,,,,,,,,,,,,,,,
315,781092-02,Cable for NI 2512/2514(To Bare Wire)(Type-DB8F-Bare Wire-40A),HA9578512,,S4,V,4.0,,,,,,2010-08-25 00:00:00,,2014-01-16 00:00:00,,,,,,,,,,,,,,,,,,,,,,,,,,,,,,,,,,,
316,781615-01,"Calibrated 5/16"" Torque Wrench",EFA658,,K0,V,4.0,,,,,,2011-09-30 00:00:00,,,,,,,,,,,,,,,,,,,,,,,,,,,,,,,,,,,,,
317,781615-01,"Calibrated 5/16"" Torque Wrench",EED318,,FSE(M6)-Tom,V,4.0,,,,,,2011-12-09 00:00:00,,,,,,,,,,,,,,,,,,,,,,,,,,,,,,,,,,,,,
318,781615-01,"Calibrated 5/16"" Torque Wrench",HC4055769,,Danny,V,4.0,,,,,,2016-12-16 00:00:00,,,,,,,,,,,,,,,,,,,,,,,,,,,,,,,,,,,,,
319,781615-01,"Calibrated 5/16"" Torque Wrench",HC4055768,,Danny,V,4.0,,,,,,2016-12-16 00:00:00,,,,,,,,,,,,,,,,,,,,,,,,,,,,,,,,,,,,,
320,184639A-01,Calibration Executive for E series Module,C39932,,C3,L,2.0,Tom,,Carol,2004-10-26 00:00:00,,,,2004-10-26 00:00:00,,,,,,,,,,,,,,,,,,,,,,,,,,,,,,,,,,,
321,184639A-01,Calibration Executive for E series Module,CDB8D9,,C3,S,4.0,,,,,,,,,,,,,,,,,,,,,,,,,,,,,,,,,,,,,,,,,,,
322,187676-02,Camera Link Cable (26pin),Cable 445,,D4,S,4.0,,,,,,,,2019-03-04 00:00:00,,,,,,,,,,,,,,,,,,,,,,,,,,,,,,,,,,,
323,187676-02,Camera Link Cable (26pin),Cable 446,,D4,S,4.0,,,,,,,,2019-03-14 00:00:00,,,,,,,,,,,,,,,,,,,,,,,,,,,,,,,,,,,
324,187676-02,Camera Link Cable (26pin),Cable 448,,D4,S,4.0,,,,,,2005-06-22 00:00:00,,2019-03-14 00:00:00,,,,,,,,,,,,,,,,,,,,,,,,,,,,,,,,,,,
325,187676-02,Camera Link Cable (26pin),Cable 449,,D4,S,4.0,,,,,,2005-06-22 00:00:00,,,,,,,,,,,,,,,,,,,,,,,,,,,,,,,,,,,,,
326,187676-02,Camera Link Cable (26pin),Cable 452,,D4,S,4.0,,,,,,2006-05-17 00:00:00,,,,,,,,,,,,,,,,,,,,,,,,,,,,,,,,,,,,,
327,187676-02,Camera Link Cable (26pin),Cable 527,,D3,S,4.0,,,,,,2006-05-17 00:00:00,,,,,,,,,,,,,,,,,,,,,,,,,,,,,,,,,,,,,
328,187676-02,Camera Link Cable (26pin),Cable 528,,D3,S,4.0,,,,,,2006-06-07 00:00:00,,2014-01-16 00:00:00,,,,,,,,,,,,,,,,,,,,,,,,,,,,,,,,,,,
329,187676-02,Camera Link Cable (26pin),Cable 529,,D3,S,4.0,,,,,,2006-06-07 00:00:00,,,,,,,,,,,,,,,,,,,,,,,,,,,,,,,,,,,,,
330,190936-01,Camera Link Cable (68pin for 1428),Cable 438,,D4,S,4.0,,,,,,2004-03-31 00:00:00,,2016-02-18 00:00:00,,,,,,,,,,,,,,,,,,,,,,,,,,,,,,,,,,,
331,§»¬Û,Camera Module test,,,¥ª3,L,2.0,Ken(Ryan),,Vivian H,2006-10-24 00:00:00,,2006-10-20 00:00:00,,2006-10-24 00:00:00,AE Keep,,,,,,,,,,,,,,,,,,,,,,,,,,,,,,,,,,
332,780041-01,CAN Breakout Box,167AFC8,,ADR-Edmund,V,4.0,,,,,,2013-01-17 00:00:00,,2019-06-12 00:00:00,,,,,,,,,,,,,,,,,,,,,,,,,,,,,,,,,,,
333,780041-01,CAN Breakout Box,1C758F1,,¥ª2,S,4.0,,,,,,2017-09-28 00:00:00,,2019-01-24 00:00:00,,,,,,,,,,,,,,,,,,,,,,,,,,,,,,,,,,,
334,780041-01,CAN Breakout Box,1C98041,,¥ª2,S,4.0,,,,,,2017-10-24 00:00:00,,2019-12-10 00:00:00,,,,,,,,,,,,,,,,,,,,,,,,,,,,,,,,,,,
335,782579-02,CAN Single Termination Cable(2M),Cable 466,,D4,S,4.0,,,,,,2017-09-28 00:00:00,,2019-08-20 00:00:00,,,,,,,,,,,,,,,,,,,,,,,,,,,,,,,,,,,
336,782579-02,CAN Single Termination Cable(2M),Cable 467,,D4,S,4.0,,,,,,2017-10-24 00:00:00,,2019-04-17 00:00:00,,,,,,,,,,,,,,,,,,,,,,,,,,,,,,,,,,,
337,779189-01,CAN Demo Box,DF2D6F,"192017A-02 CAN Cable *2
SP-15-1073 SWITCHING POWER SUPPLY (S/N:017499950349)",¥ª4,L,2.0,Robert,,Vivian H,2017-09-28 00:00:00,,2005-03-10 00:00:00,,2017-06-21 00:00:00,,,,,,,,,,,,,,,,,,,,,,,,,,,,,,,,,,,
338,779189-01,CAN Demo Box,126E744,"192017A-02 CAN Cable *2
SP-15-1073 SWITCHING POWER SUPPLY (S/N:02886823 0544)",¥ª4,L,2.0,Tom H,,Vivian H,2019-10-25 00:00:00,,2005-05-10 00:00:00,,2018-12-22 00:00:00,,,,,,,,,,,,,,,,,,,,,,,,,,,,,,,,,,,
339,779189-01,CAN Demo Box(¯ÊPower Supply),DF2D6E,"192017A-02 CAN Cable *2
SP-15-1073 SWITCHING POWER SUPPLY (S/N:021951470436)2010/10/26 Shawn¿ò¥¢",¥ª4,V,4.0,,,,,,2005-03-10 00:00:00,,2016-06-22 00:00:00,,,,,,,,,,,,,,,,,,,,,,,,,,,,,,,,,,,
340,192017-02,"CAN Cable
(Single Termination)(2m)",Cable 644,,¥k4,S,4.0,,,,,,2016-12-29 00:00:00,,2019-11-26 00:00:00,,,,,,,,,,,,,,,,,,,,,,,,,,,,,,,,,,,
341,192017-02,"CAN Cable
(Single Termination)(2m)",Cable 645,,¥k4,S,4.0,,,,,,2016-12-29 00:00:00,,2019-03-28 00:00:00,,,,,,,,,,,,,,,,,,,,,,,,,,,,,,,,,,,
342,193128-02,"CAN Cable
(No-Termination)(2m)",Cable 642,,¥k4,S,4.0,,,,,,2016-12-29 00:00:00,,2019-04-17 00:00:00,,,,,,,,,,,,,,,,,,,,,,,,,,,,,,,,,,,
343,193128-02,"CAN Cable
(No-Termination)(2m)",Cable 643,,¥k4,S,4.0,,,,,,2016-12-29 00:00:00,,2017-11-23 00:00:00,,,,,,,,,,,,,,,,,,,,,,,,,,,,,,,,,,,
344,,Canon DC20,462120440858,,ÅK¬[,V,4.0,,,,,,2006-06-29 00:00:00,,,,,,,,,,,,,,,,,,,,,,,,,,,,,,,,,,,,,
345,¥~ÁÊ,CardBus-1394B,06017133,,FSE(M6)-Tom,V,4.0,,,,,,2007-12-14 00:00:00,,,,,,,,,,,,,,,,,,,,,,,,,,,,,,,,,,,,,
346,780398-01,Carrying Case for NI PMA-1115,HA8604122,,½n¦t¢A¼B‰h¨j,V,4.0,,,,,,2010-02-23 00:00:00,,2013-08-08 00:00:00,,,,,,,,,,,,,,,,,,,,,,,,,,,,,,,,,,,
347,780398-01,Carrying Case for NI PMA-1115,HA7576623,,½n¦t¢A¼B‰h¨j,V,4.0,,,,,,2008-11-14 00:00:00,,2013-08-08 00:00:00,,,,,,,,,,,,,,,,,,,,,,,,,,,,,,,,,,,
348,780398-01,Carrying Case for NI PMA-1115,HA7948002,,MDR-USRP(TR),V,2.0,Fred,,Vivian H,2019-10-30 00:00:00,,2009-04-29 00:00:00,,2019-10-30 00:00:00,,,,,,,,,,,,,,,,,,,,,,,,,,,,,,,,,,,
349,780398-01,Carrying Case for NI PMA-1115,HA9502019,,MDR-USRP,V,2.0,Fred,,Vivian H,2019-10-30 00:00:00,,2010-10-20 00:00:00,,2019-10-30 00:00:00,,,,,,,,,,,,,,,,,,,,,,,,,,,,,,,,,,,
350,780398-01,Carrying Case for NI PMA-1115,HA9502025,,®w-FSE(M2)-Alex,V,4.0,,,,,,2010-10-19 00:00:00,,2018-11-13 00:00:00,,,,,,,,,,,,,,,,,,,,,,,,,,,,,,,,,,,
351,780398-01,Carrying Case for NI PMA-1115,HA7161278,,AC-Elvis(6-10),V,4.0,,,,,,2008-07-24 00:00:00,,2017-09-11 00:00:00,,,,,,,,,,,,,,,,,,,,,,,,,,,,,,,,,,,
352,780398-01,Carrying Case for NI PMA-1115,HA9502017,,AC-Elvis(1-5),V,4.0,,,,,,2010-10-20 00:00:00,,2019-01-16 00:00:00,,,,,,,,,,,,,,,,,,,,,,,,,,,,,,,,,,,
353,151733-05,Cat-5E Ethernet Cable(5M),Cable 2117,,FSE(N9)-Sean,V,4.0,,,,,,2016-10-03 00:00:00,,2016-10-12 00:00:00,,,,,,,,,,,,,,,,,,,,,,,,,,,,,,,,,,,
354,778592-01,CB/SCB-2162,E4E3B1,,¼Æªö¢A©uªQ¥­,V,4.0,,,,,,2006-08-07 00:00:00,,,,,,,,,,,,,,,,,,,,,,,,,,,,,,,,,,,,,
355,778592-01,CB/SCB-2162,E6AEC1,,ªL¨K«Û,V,4.0,,,,,,2007-03-14 00:00:00,,,,,,,,,,,,,,,,,,,,,,,,,,,,,,,,,,,,,
356,778592-01,CB/SCB-2162,EC43E8,,YR2,V,4.0,,,,,,2009-04-10 00:00:00,,,,,,,,,,,,,,,,,,,,,,,,,,,,,,,,,,,,,
357,778592-01,CB/SCB-2162,EBED73,,YR1,V,4.0,,,,,,2009-04-10 00:00:00,,,,,,,,,,,,,,,,,,,,,,,,,,,,,,,,,,,,,
358,778592-01,CB/SCB-2162,EAE6B5,,YR0,V,2.0,Sienna,,Vivian H,2018-06-04 00:00:00,,2009-04-06 00:00:00,,,,,,,,,,,,,,,,,,,,,,,,,,,,,,,,,,,,,
359,778592-01,CB/SCB-2162,E4271C,,TR9,V,4.0,,,,,,2006-04-24 00:00:00,,,,,,,,,,,,,,,,,,,,,,,,,,,,,,,,,,,,,
360,778592-01,CB/SCB-2162,E4272D,,TR8,V,4.0,,,,,,2006-04-24 00:00:00,,,,,,,,,,,,,,,,,,,,,,,,,,,,,,,,,,,,,
361,778592-01,CB/SCB-2162,E42720,,TR7,V,4.0,,,,,,2006-04-24 00:00:00,,,,,,,,,,,,,,,,,,,,,,,,,,,,,,,,,,,,,
362,778592-01,CB/SCB-2162,E42726,,TR6,V,4.0,,,,,,2006-04-24 00:00:00,,,,,,,,,,,,,,,,,,,,,,,,,,,,,,,,,,,,,
363,778592-01,CB/SCB-2162,E3D78F,,TR5,V,4.0,,,,,,2006-03-21 00:00:00,,,,,,,,,,,,,,,,,,,,,,,,,,,,,,,,,,,,,
364,778592-01,CB/SCB-2162,E3D571,,TR4,V,4.0,,,,,,2006-03-21 00:00:00,,,,,,,,,,,,,,,,,,,,,,,,,,,,,,,,,,,,,
365,778592-01,CB/SCB-2162,E3C708,,TR3,V,4.0,,,,,,2006-03-21 00:00:00,,,,,,,,,,,,,,,,,,,,,,,,,,,,,,,,,,,,,
366,778592-01,CB/SCB-2162,E3B8FC,,TR2,V,4.0,,,,,,2006-03-21 00:00:00,,,,,,,,,,,,,,,,,,,,,,,,,,,,,,,,,,,,,
367,778592-01,CB/SCB-2162,E3B08B,,TR1,V,4.0,,,,,,2006-03-21 00:00:00,,,,,,,,,,,,,,,,,,,,,,,,,,,,,,,,,,,,,
368,778592-01,CB/SCB-2162,E43B2D,,TR0,V,4.0,,,,,,2006-05-18 00:00:00,,,,,,,,,,,,,,,,,,,,,,,,,,,,,,,,,,,,,
369,778592-01,CB/SCB-2162,EA3CBE,,SR4,V,4.0,,,,,,2008-02-12 00:00:00,,,,,,,,,,,,,,,,,,,,,,,,,,,,,,,,,,,,,
370,778592-01,CB/SCB-2162,EA3CBA,,SR3,V,4.0,,,,,,2008-02-12 00:00:00,,,,,,,,,,,,,,,,,,,,,,,,,,,,,,,,,,,,,
371,778592-01,CB/SCB-2162,EA3CBD,,SR2,V,4.0,,,,,,2008-02-12 00:00:00,,2019-08-20 00:00:00,,,,,,,,,,,,,,,,,,,,,,,,,,,,,,,,,,,
372,778592-01,CB/SCB-2162,EA49EA,,SR1,V,4.0,,,,,,2008-02-12 00:00:00,,2019-08-13 00:00:00,,,,,,,,,,,,,,,,,,,,,,,,,,,,,,,,,,,
373,778592-01,CB/SCB-2162,EA3CC6,,SR0,V,4.0,,,,,,2008-02-12 00:00:00,,2019-04-23 00:00:00,,,,,,,,,,,,,,,,,,,,,,,,,,,,,,,,,,,
374,778592-01,CB/SCB-2162,EA49EF,,S3-128,V,2.0,Wranky,,Vivian H,2017-01-11 00:00:00,,2008-03-03 00:00:00,,2016-11-29 00:00:00,,,,,,,,,,,,,,,,,,,,,,,,,,,,,,,,,,,
375,778592-01,CB/SCB-2162,E95ACF,,®w-RAE(M3)-Vincent,V,0.0,¤é¤ë¥ú¢A¦¿¬¥¬Â,181116-100854,Serena,2018-11-16 00:00:00,2018-12-19 00:00:00,2007-08-30 00:00:00,,2018-08-21 00:00:00,,,,,,,,,,,,,,,,,,,,,,,,,,,,,,,,,,,
376,778592-01,CB/SCB-2162,EA4151,,ME-Steve,V,4.0,,,,,,2008-02-12 00:00:00,,,,,,,,,,,,,,,,,,,,,,,,,,,,,,,,,,,,,
377,778592-01,CB/SCB-2162,E6AEBF,,FSE(S2)-Ronland,V,4.0,,,,,,2007-03-14 00:00:00,,2018-02-22 00:00:00,,,,,,,,,,,,,,,,,,,,,,,,,,,,,,,,,,,
378,778592-01,CB/SCB-2162,E6AEB2,,®w-FSE(N7)-James,V,0.0,àà¨¹¬ì§Þ¢AªôÅã²M,190223-152903,Serena,2019-02-23 00:00:00,2019-03-28 00:00:00,2007-03-14 00:00:00,,2019-01-31 00:00:00,,,,,,,,,,,,,,,,,,,,,,,,,,,,,,,,,,,
379,778592-01,CB/SCB-2162,E6B7EE,,FSE(N6)-Vivian,V,4.0,,,,,,2007-03-14 00:00:00,,,,,,,,,,,,,,,,,,,,,,,,,,,,,,,,,,,,,
380,778592-01,CB/SCB-2162,EBFC3E,,®w-FSE(M8)-Zac,V,0.0,¥ßÀB¬ì§Þ¢A¶À–î¼ü,191209-171614,Sean T,2019-12-09 00:00:00,2020-01-11 00:00:00,2009-04-10 00:00:00,2009/10/1 »P«È¤á´«³f(­ìS/N:EC43E9),2019-12-05 00:00:00,,,,,,,,,,,,,,,,,,,,,,,,,,,,,,,,,,,
381,778592-01,CB/SCB-2162,EBFC42,,FSE(M4)-Serena,D,4.0,,,,2019-05-13 00:00:00,,2009-11-27 00:00:00,,2018-11-16 00:00:00,,,,,,,,,,,,,,,,,,,,,,,,,,,,,,,,,,,
382,778592-01,CB/SCB-2162,E6E288,,F3-48,L,0.0,·ç´­¨t²Î¢A·¨¹Å´¼,191008-155043,Anderson,2019-10-08 00:00:00,2019-11-10 00:00:00,2007-03-14 00:00:00,,2019-05-21 00:00:00,,,,,,,,,,,,,,,,,,,,,,,,,,,,,,,,,,,
383,778592-01,CB/SCB-2162,E6AEBB,,F3-47,L,0.0,¥úÄ_¬ì§Þ¢A­J°êµØ,160907-144931,Derek H,2016-09-07 00:00:00,2016-09-25 00:00:00,2007-03-20 00:00:00,,2016-08-04 00:00:00,,,,,,,,,,,,,,,,,,,,,,,,,,,,,,,,,,,
384,778592-01,CB/SCB-2162,DBFB7D,,C1-14,L,2.0,Ronland,,Vivian H,2012-05-16 00:00:00,,2004-03-23 00:00:00,,2012-05-16 00:00:00,,,,,,,,,,,,,,,,,,,,,,,,,,,,,,,,,,,
385,778592-01,CB/SCB-2162,E6AEC7,,B1-58,L,0.0,ª¿®æ¢AªL«Ø¥°,160825-093301,Ivan,2016-08-25 00:00:00,2016-09-27 00:00:00,2007-03-14 00:00:00,,2016-08-05 00:00:00,,,,,,,,,,,,,,,,,,,,,,,,,,,,,,,,,,,
386,778592-01,CB/SCB-2162,E8AEFF,,B1-50,L,2.0,Elca,,Vivian H,2019-10-08 00:00:00,,2007-05-17 00:00:00,,2019-08-21 00:00:00,,,,,,,,,,,,,,,,,,,,,,,,,,,,,,,,,,,
387,778592-01,CB/SCB-2162,E6AEC5,,B1-07,L,10.0,©v¦Ú¬ì§Þ¢A¿à¨Ý§e,191127-175316,Derek H,2019-11-27 00:00:00,2019-12-30 00:00:00,2007-03-30 00:00:00,,2019-11-26 00:00:00,,,,,,,,,,,,,,,,,,,,,,,,,,,,,,,,,,,
388,778592-01,CB/SCB-2162,D6DE4D,,A2-43,L,2.0,Lucien,,Vivian H,2019-09-04 00:00:00,,,,2019-08-20 00:00:00,,,,,,,,,,,,,,,,,,,,,,,,,,,,,,,,,,,
389,778592-01,CB/SCB-2162,1C40BBE,,Bianca,V,2.0,Ricky,,Vivian H,2019-05-06 00:00:00,,2017-07-25 00:00:00,,2017-08-03 00:00:00,,,,,,,,,,,,,,,,,,,,,,,,,,,,,,,,,,,
390,781142-01,CB-2181(§tCable*1),589118-0017,186380C-0R5  SHC68-C68-S,¥ª4,S,4.0,,,,,,2010-08-03 00:00:00,,2017-08-16 00:00:00,,,,,,,,,,,,,,,,,,,,,,,,,,,,,,,,,,,
391,778673-01,CB-37FH,2281212-2,,E6,L,10.0,¬P¨ó¨t²Î¢A§d§Ó¤G,191121-142241,Anderson,2019-11-21 00:00:00,2019-12-24 00:00:00,2008-03-28 00:00:00,,2019-02-14 00:00:00,,,,,,,,,,,,,,,,,,,,,,,,,,,,,,,,,,,
392,778673-01,CB-37FH,2281212-3,,E6,L,10.0,¬P¨ó¨t²Î¢A§d§Ó¤G,191121-142241,Anderson,2019-11-21 00:00:00,2019-12-24 00:00:00,2008-10-08 00:00:00,,2019-08-20 00:00:00,,,,,,,,,,,,,,,,,,,,,,,,,,,,,,,,,,,
393,778673-01,CB-37FH,2281212-5,,S2,S,4.0,,,,,,,,2018-02-02 00:00:00,,,,,,,,,,,,,,,,,,,,,,,,,,,,,,,,,,,
394,779491-01,CB-37F-HVD,ZZ1694128,,FSE(N2)-Alexander,V,4.0,,,,,,2007-02-09 00:00:00,,2018-08-28 00:00:00,,,,,,,,,,,,,,,,,,,,,,,,,,,,,,,,,,,
395,779491-01,CB-37F-HVD,ZZ1693979,,E6,S,4.0,,,,,,2007-03-26 00:00:00,,2019-08-20 00:00:00,,,,,,,,,,,,,,,,,,,,,,,,,,,,,,,,,,,
396,779353-01,CB-37F-LP,1481BA4,,A2-60,S,4.0,,,,,,2005-05-23 00:00:00,2010/1/20 »P«È¤á´«³f(­ìS/N:E0DD32),2018-09-27 00:00:00,,,,,,,,,,,,,,,,,,,,,,,,,,,,,,,,,,,
397,779353-01,CB-37F-LP,E0AFE7,,A2-59,S,4.0,,,,,,2005-05-03 00:00:00,,2018-09-27 00:00:00,,,,,,,,,,,,,,,,,,,,,,,,,,,,,,,,,,,
398,779353-01,CB-37F-LP,12BFDC7,,A2-58,L,2.0,Ziva,,Carol,2008-04-11 00:00:00,,2005-04-28 00:00:00,2007/12/28 »P«È¤á´«³f(­ìS/N:E0AFE3),2008-04-11 00:00:00,,,,,,,,,,,,,,,,,,,,,,,,,,,,,,,,,,,
399,779353-01,CB-37F-LP,E0AFD8,,A2-57,S,4.0,,,,,,2005-04-28 00:00:00,,2019-08-20 00:00:00,,,,,,,,,,,,,,,,,,,,,,,,,,,,,,,,,,,
400,779353-01,CB-37F-LP,E0AFD7,,A2-56,S,4.0,,,,,,2005-04-28 00:00:00,,2017-09-19 00:00:00,,,,,,,,,,,,,,,,,,,,,,,,,,,,,,,,,,,
401,779353-01,CB-37F-LP,1327F39,,A2-10,S,4.0,,,,,,2008-04-16 00:00:00,,,,,,,,,,,,,,,,,,,,,,,,,,,,,,,,,,,,,
402,779353-01,CB-37F-LP,1233C15,,A2-05,S,4.0,,,,,,2008-04-16 00:00:00,,,,,,,,,,,,,,,,,,,,,,,,,,,,,,,,,,,,,
403,779353-01,CB-37F-LP,1327EE7,,A2-04,S,4.0,,,,,,2008-04-16 00:00:00,,,,,,,,,,,,,,,,,,,,,,,,,,,,,,,,,,,,,
404,778672-01,CB-37FV,2959625,,¥ª1,S,4.0,,,,,,,,2017-11-23 00:00:00,,,,,,,,,,,,,,,,,,,,,,,,,,,,,,,,,,,
405,188841A-01,CB-37FV Cable,Cable 079,,¥k3,S,4.0,,,,,,,,2017-11-23 00:00:00,,,,,,,,,,,,,,,,,,,,,,,,,,,,,,,,,,,
406,778674-01,CB-485A(§tCable*1),CB485-1,RJ-50 to RJ-50 Cable*1(189355B-01),®w-ME-Kevin,V,4.0,,,,,,2012-07-05 00:00:00,,2019-10-05 00:00:00,,,,,,,,,,,,,,,,,,,,,,,,,,,,,,,,,,,
407,776164-90,CB-50,CB05,,¥k2,L,2.0,Harvey,,Vivian H,2019-10-17 00:00:00,,2006-11-17 00:00:00,,2019-10-05 00:00:00,,,,,,,,,,,,,,,,,,,,,,,,,,,,,,,,,,,
408,776164-90,CB-50,CB06,,¥k2,L,10.0,³Í­Z¬ì§Þ¢A±ç®a»Ê,191115-093948,Lupin,2019-11-15 00:00:00,2019-12-18 00:00:00,,,2019-06-20 00:00:00,,,,,,,,,,,,,,,,,,,,,,,,,,,,,,,,,,,
409,776164-90,CB-50,CB07,,¥k2,L,10.0,³Í­Z¬ì§Þ¢A±ç®a»Ê,191115-093948,Lupin,2019-11-15 00:00:00,2019-12-18 00:00:00,2004-12-24 00:00:00,,2019-04-02 00:00:00,,,,,,,,,,,,,,,,,,,,,,,,,,,,,,,,,,,
410,776164-90,CB-50,CB08,,¥k2,S,4.0,,,,,,,,2019-04-02 00:00:00,,,,,,,,,,,,,,,,,,,,,,,,,,,,,,,,,,,
411,776164-90,CB-50,CB09,,¥k2,L,0.0,Ápµo¬ì§Þ¢A¤ýºÍ,181203-112137,Sean T,2018-12-03 00:00:00,2019-01-05 00:00:00,,,2016-09-30 00:00:00,,,,,,,,,,,,,,,,,,,,,,,,,,,,,,,,,,,
412,776164-90,CB-50,CB10,,¥k2,L,0.0,Ápµo¬ì§Þ¢A¤ýºÍ,181203-112137,Sean T,2018-12-03 00:00:00,2019-01-05 00:00:00,,,2016-09-30 00:00:00,,,,,,,,,,,,,,,,,,,,,,,,,,,,,,,,,,,
413,776164-90,CB-50,CB11,,¥k2,L,0.0,¥x¹F¹q¤l¢A¹ù®É±¶,181220-101521,Wranky,2018-12-20 00:00:00,2019-01-22 00:00:00,,,2018-11-22 00:00:00,,,,,,,,,,,,,,,,,,,,,,,,,,,,,,,,,,,
414,776164-90,CB-50,CB12,,¥k2,L,0.0,¥x¹F¹q¤l¢A¹ù®É±¶,181220-101521,Wranky,2018-12-20 00:00:00,2019-01-22 00:00:00,,,2018-11-22 00:00:00,,,,,,,,,,,,,,,,,,,,,,,,,,,,,,,,,,,
415,776164-90,CB-50,CB13,,¥k2,S,4.0,,,,,,,,2019-04-16 00:00:00,,,,,,,,,,,,,,,,,,,,,,,,,,,,,,,,,,,
416,776164-90,CB-50,CB18,,¥k2,S,4.0,,,,,,2006-11-17 00:00:00,,2019-09-05 00:00:00,,,,,,,,,,,,,,,,,,,,,,,,,,,,,,,,,,,
417,776164-90,CB-50,CB19,,¥k2,S,4.0,,,,,,2006-11-17 00:00:00,,2019-09-05 00:00:00,,,,,,,,,,,,,,,,,,,,,,,,,,,,,,,,,,,
418,776164-90,CB-50,CB26,,¥k2,L,2.0,Kevin Y,,Vivian H,2014-11-05 00:00:00,,2011-01-19 00:00:00,,2014-11-05 00:00:00,,,,,,,,,,,,,,,,,,,,,,,,,,,,,,,,,,,
419,776164-90,CB-50,CB27,,¥k2,L,2.0,Kevin Y,,Vivian H,2014-11-05 00:00:00,,2011-01-19 00:00:00,,2014-11-05 00:00:00,,,,,,,,,,,,,,,,,,,,,,,,,,,,,,,,,,,
420,776164-90,CB-50,CB28,,S2,V,4.0,,,,,,2011-06-08 00:00:00,,2014-01-16 00:00:00,,,,,,,,,,,,,,,,,,,,,,,,,,,,,,,,,,,
421,776164-90,CB-50,CB29,,S2,V,4.0,,,,,,2011-06-08 00:00:00,,2014-01-16 00:00:00,,,,,,,,,,,,,,,,,,,,,,,,,,,,,,,,,,,
422,776164-90,CB-50,CB24,,FSE(N4)-Derek H,V,4.0,,,,,,2010-10-12 00:00:00,,2016-04-25 00:00:00,,,,,,,,,,,,,,,,,,,,,,,,,,,,,,,,,,,
423,776164-90,CB-50,CB25,,FSE(N4)-Derek H,V,4.0,,,,,,2010-10-12 00:00:00,,2016-04-25 00:00:00,,,,,,,,,,,,,,,,,,,,,,,,,,,,,,,,,,,
424,776164-90,CB-50,CB22,,FSE(N2)-Alexander,V,4.0,,,,,,2010-09-20 00:00:00,,,,,,,,,,,,,,,,,,,,,,,,,,,,,,,,,,,,,
425,776164-90,CB-50,CB23,,FSE(N2)-Alexander,V,4.0,,,,,,2010-09-20 00:00:00,,,,,,,,,,,,,,,,,,,,,,,,,,,,,,,,,,,,,
426,776164-90,CB-50,CB14,,FSE(M6)-Tom,V,4.0,,,,,,,,,,,,,,,,,,,,,,,,,,,,,,,,,,,,,,,,,,,
427,776164-90,CB-50,CB15,,FSE(M6)-Tom,V,4.0,,,,,,,,2015-09-16 00:00:00,,,,,,,,,,,,,,,,,,,,,,,,,,,,,,,,,,,
428,776164-90,CB-50,CB16,,FSE(M6)-Tom,V,4.0,,,,,,2006-10-20 00:00:00,,,,,,,,,,,,,,,,,,,,,,,,,,,,,,,,,,,,,
429,776164-90,CB-50,CB17,,FSE(M6)-Tom,V,4.0,,,,,,2006-10-20 00:00:00,,2015-09-16 00:00:00,,,,,,,,,,,,,,,,,,,,,,,,,,,,,,,,,,,
430,777145-01,CB-68LP,1201545,,¼Æªö¢A©uªQ¥­,V,4.0,,,,,,2006-07-31 00:00:00,,,,,,,,,,,,,,,,,,,,,,,,,,,,,,,,,,,,,
431,777145-01,CB-68LP,1201765,,³¢¬Ó§Ó,V,4.0,,,,,,2006-07-31 00:00:00,,,,,,,,,,,,,,,,,,,,,,,,,,,,,,,,,,,,,
432,777145-01,CB-68LP,10147EF,,ªL¨K«Û,V,4.0,,,,,,,,,,,,,,,,,,,,,,,,,,,,,,,,,,,,,,,,,,,
433,777145-01,CB-68LP,1014886,,¥k2,S,4.0,,,,,,,,2019-07-18 00:00:00,,,,,,,,,,,,,,,,,,,,,,,,,,,,,,,,,,,
434,777145-01,CB-68LP,101473C,,¥k2,S,4.0,,,,,,,,2019-09-05 00:00:00,,,,,,,,,,,,,,,,,,,,,,,,,,,,,,,,,,,
435,777145-01,CB-68LP,1464F40,,¥k2,L,0.0,ºë´ï¥ú¾Ç¢AÄ¬ªF¥Á,190506-104456,Erika,2019-05-06 00:00:00,2019-06-08 00:00:00,2009-12-24 00:00:00,,2015-09-16 00:00:00,,,,,,,,,,,,,,,,,,,,,,,,,,,,,,,,,,,
436,777145-01,CB-68LP,15D158C,,¥k2,S,4.0,,,,,,,2011/07/19 »P«È¤á´«³f(­ìS/N:10CD049),2014-01-16 00:00:00,,,,,,,,,,,,,,,,,,,,,,,,,,,,,,,,,,,
437,777145-01,CB-68LP,10147FA,,¥k2,L,2.0,Tom(Allen),,Vivian H,2005-03-09 00:00:00,,,,2005-03-09 00:00:00,,,,,,,,,,,,,,,,,,,,,,,,,,,,,,,,,,,
438,777145-01,CB-68LP,1017EA9,,¥k2,S,4.0,,,,,,,,2014-01-16 00:00:00,,,,,,,,,,,,,,,,,,,,,,,,,,,,,,,,,,,
439,777145-01,CB-68LP,C937CB,,¥k2,S,4.0,,,,,,,,2014-01-16 00:00:00,,,,,,,,,,,,,,,,,,,,,,,,,,,,,,,,,,,
440,777145-01,CB-68LP,11C3C39,,¥k2,S,4.0,,,,,,2006-09-27 00:00:00,,,,,,,,,,,,,,,,,,,,,,,,,,,,,,,,,,,,,
441,777145-01,CB-68LP,1455975,,¥k2,S,4.0,,,,,,2009-12-24 00:00:00,,2017-07-31 00:00:00,,,,,,,,,,,,,,,,,,,,,,,,,,,,,,,,,,,
442,777145-01,CB-68LP,143F194,,¥k2,S,4.0,,,,,,2009-12-24 00:00:00,,2015-09-16 00:00:00,,,,,,,,,,,,,,,,,,,,,,,,,,,,,,,,,,,
443,777145-01,CB-68LP,1464F41,,¥k2,S,4.0,,,,,,2009-12-24 00:00:00,,,,,,,,,,,,,,,,,,,,,,,,,,,,,,,,,,,,,
444,777145-01,CB-68LP,14A20F0,,S9,D,7.0,,,,,,2010-03-04 00:00:00,,,,,,,,,,,,,,,,,,,,,,,,,,,,,,,,,,,,,
445,777145-01,CB-68LP,146502C,,S2,V,4.0,,,,,,2010-03-04 00:00:00,,2015-09-16 00:00:00,,,,,,,,,,,,,,,,,,,,,,,,,,,,,,,,,,,
446,777145-01,CB-68LP,147D1D0,,S2,V,4.0,,,,,,2010-03-04 00:00:00,,2015-09-16 00:00:00,,,,,,,,,,,,,,,,,,,,,,,,,,,,,,,,,,,
447,777145-01,CB-68LP,14A2106,,S2,V,4.0,,,,,,2010-03-04 00:00:00,,2014-01-16 00:00:00,,,,,,,,,,,,,,,,,,,,,,,,,,,,,,,,,,,
448,777145-01,CB-68LP,14A209B,,S2,V,4.0,,,,,,2010-03-04 00:00:00,,2017-06-21 00:00:00,,,,,,,,,,,,,,,,,,,,,,,,,,,,,,,,,,,
449,777145-01,CB-68LP,1095799,,FSE(N6)-Vivian,V,4.0,,,,,,2004-04-27 00:00:00,,,,,,,,,,,,,,,,,,,,,,,,,,,,,,,,,,,,,
450,777145-02,CB-68LPR,13B4427,,¥k2,S,4.0,,,,,,2008-11-17 00:00:00,,2019-08-20 00:00:00,,,,,,,,,,,,,,,,,,,,,,,,,,,,,,,,,,,
451,183971B-020,"CCA,SCC-PWR02",C395C7,,B1-33,S,4.0,,,,,,,,,,,,,,,,,,,,,,,,,,,,,,,,,,,,,,,,,,,
452,183971B-020,"CCA,SCC-PWR02",BD56CF,,B1-32,S,4.0,,,,,,,,,,,,,,,,,,,,,,,,,,,,,,,,,,,,,,,,,,,
453,(Digtal CS 3910),CCD,Camera 6,"Power Supply*1
Cable*1
ÃèÀY(1:1.2 12mm)
",¥ª3,S,4.0,,,,,,,,,,,,,,,,,,,,,,,,,,,,,,,,,,,,,,,,,,,
454,CMOS,CCD,0000084,"ÃèÀY*1(A22877)
ÃèÀY»\*1
¹q·½¨ÑÀ³¾¹*1(5004)
Camera Link Cable*1",¥ª3,S,4.0,,,,,,2005-10-06 00:00:00,,2018-04-25 00:00:00,,,,,,,,,,,,,,,,,,,,,,,,,,,,,,,,,,,
455,"ªYÀ·¶Â¥Õ
STC-300
(Analog B/W)",CCD,Camera 1,"Power Supply*1
Type-E3 Cable*1",¥ª2,S,4.0,,,,,,,,2019-01-16 00:00:00,,,,,,,,,,,,,,,,,,,,,,,,,,,,,,,,,,,
456,"Sony XC-75
(Analog B/W)",CCD,Camera 2,"¹qÀ£¾¹*1
ÃèÀY(1:1.6 16mm)*1",¥ª2,S,4.0,,,,,,,,2015-10-29 00:00:00,,,,,,,,,,,,,,,,,,,,,,,,,,,,,,,,,,,
457,"TWICO
(Analog B/W)",CCD,Camera 3,,¥ª2,S,4.0,,,,,,,,,,,,,,,,,,,,,,,,,,,,,,,,,,,,,,,,,,,
458,"Sony XC-56
(Analog B/W)",CCD,107081,"¹q·½¨ÑÀ³¾¹*1
ÃèÀYVS-LD25(S/N:L0294)",¥ª2,S,4.0,,,,,,2006-12-25 00:00:00,,,,,,,,,,,,,,,,,,,,,,,,,,,,,,,,,,,,,
459,Pulnix TM-1405GE(,CCD,000085,"­Iª©*1
ÅÜÀ£¾¹*1(PD-12UUP P/N:31012656)
ÃèÀY*1(1:1.8 12mm S/N:18055)",FSE(M6)-Tom,V,4.0,,,,,,2007-07-30 00:00:00,,,,,,,,,,,,,,,,,,,,,,,,,,,,,,,,,,,,,
460,"Sony XC-56
(Analog B/W)",CCD,106990,,FSE(M6)-Tom,V,2.0,NIC¢AJack Jakkidi,,Vivian H,2007-07-25 00:00:00,,2007-07-25 00:00:00,,2007-07-25 00:00:00,,,,,,,,,,,,,,,,,,,,,,,,,,,,,,,,,,,
461,,CCD Asynchronize Reset Cable,Cable 427,,D4,S,4.0,,,,,,,,,,,,,,,,,,,,,,,,,,,,,,,,,,,,,,,,,,,
462,"778785-01
(Digtal 1394 B/W)",CCD(BASLER A601f),20616329,­IªO*1,®w-³¢¬Ó§Ó,V,4.0,,,,,,2007-03-16 00:00:00,,,,,,,,,,,,,,,,,,,,,,,,,,,,,,,,,,,,,
463,"778785-01
(Digtal 1394 B/W)",CCD(BASLER A601f),20616331,­IªO*1,®w-FSE(N6)-Vivian,V,4.0,,,,,,2007-03-16 00:00:00,,,,,,,,,,,,,,,,,,,,,,,,,,,,,,,,,,,,,
464,"778785-01
(Digtal 1394 B/W)",CCD(BASLER A601f),20504394,­IªO*1,¥ª3,S,4.0,,,,,,2005-08-03 00:00:00,,2018-11-05 00:00:00,,,,,,,,,,,,,,,,,,,,,,,,,,,,,,,,,,,
465,"778785-01
(Digtal 1394 B/W)",CCD(BASLER A601f),20621648,­IªO*1,SDR-2,V,4.0,,,,,,2008-02-15 00:00:00,,,,,,,,,,,,,,,,,,,,,,,,,,,,,,,,,,,,,
466,"778785-01
(Digtal 1394 B/W)",CCD(BASLER A601f),20602936,­IªO*1,S8,V,4.0,,,,,,2006-04-17 00:00:00,,2015-09-16 00:00:00,,,,,,,,,,,,,,,,,,,,,,,,,,,,,,,,,,,
467,"778785-01
(Digtal 1394 B/W)",CCD(BASLER A601f),20602944,1394 Cable*1,FSE(S2)-Ronland,V,4.0,,,,,,2006-04-17 00:00:00,,,,,,,,,,,,,,,,,,,,,,,,,,,,,,,,,,,,,
468,"778785-01
(Digtal 1394 B/W)",CCD(BASLER A601f),20616328,­IªO*1,FSE(M1)-Andrew,V,4.0,,,,,,2007-03-16 00:00:00,,2014-01-16 00:00:00,,,,,,,,,,,,,,,,,,,,,,,,,,,,,,,,,,,
469,784568-01,CCD(Basler acA1300-200um),22117939,ÃèÀY»\*1,¥ª2,S,4.0,,,,,,2017-05-09 00:00:00,,2019-01-25 00:00:00,,,,,,,,,,,,,,,,,,,,,,,,,,,,,,,,,,,
470,781874-01,CCD(Basler acA1300-30gm)(¶Â¥Õ),21252512,,¥ª3,L,2.0,Lupin,,Vivian H,2014-09-18 00:00:00,,2013-03-08 00:00:00,,2014-09-18 00:00:00,,,,,,,,,,,,,,,,,,,,,,,,,,,,,,,,,,,
471,781874-01,CCD(Basler acA1300-30gm)(¶Â¥Õ),21251638,ÃèÀY»\*1,¥ª3,L,0.0,¥x¬ì¤j¢A§º¬F­õ,191210-143234,Steve,2019-12-10 00:00:00,2020-01-12 00:00:00,2013-03-08 00:00:00,,2018-07-17 00:00:00,,,,,,,,,,,,,,,,,,,,,,,,,,,,,,,,,,,
472,781874-01,CCD(Basler acA1300-30gm)(¶Â¥Õ),21247207,ÃèÀY»\*1,¥ª3,S,4.0,,,,,,2013-03-08 00:00:00,,2018-08-06 00:00:00,,,,,,,,,,,,,,,,,,,,,,,,,,,,,,,,,,,
473,781874-01,CCD(Basler acA1300-30gm)(¶Â¥Õ),21252504,,¥ª3,L,2.0,Eva C,,Vivian H,2016-04-13 00:00:00,,2013-03-08 00:00:00,,2016-04-06 00:00:00,,,,,,,,,,,,,,,,,,,,,,,,,,,,,,,,,,,
474,781874-01,CCD(Basler acA1300-30gm)(¶Â¥Õ),21251624,ÃèÀY»\*1,S8,V,4.0,,,,,,2013-03-08 00:00:00,,2018-08-06 00:00:00,,,,,,,,,,,,,,,,,,,,,,,,,,,,,,,,,,,
475,781874-01,CCD(Basler acA1300-30gm)(¶Â¥Õ),21251651,,S8,D,4.0,,,,2017-11-02 00:00:00,,2013-03-08 00:00:00,,2016-11-08 00:00:00,,,,,,,,,,,,,,,,,,,,,,,,,,,,,,,,,,,
476,781874-01,CCD(Basler acA1300-30gm)(¶Â¥Õ),21251650,ÃèÀY»\*1,S8,V,4.0,,,,,,2013-03-08 00:00:00,,2018-08-06 00:00:00,,,,,,,,,,,,,,,,,,,,,,,,,,,,,,,,,,,
477,781874-01,CCD(Basler acA1300-30gm)(¶Â¥Õ),21251662,ÃèÀY»\*1,S8,V,4.0,,,,,,2013-03-08 00:00:00,,2018-08-06 00:00:00,,,,,,,,,,,,,,,,,,,,,,,,,,,,,,,,,,,
478,782900-01,CCD(Basler acA1300-30uc),21420144,ÃèÀY»\*1,¥ª3,L,2.0,Steve,,Vivian H,2018-05-14 00:00:00,,2014-01-13 00:00:00,,2018-03-15 00:00:00,,,,,,,,,,,,,,,,,,,,,,,,,,,,,,,,,,,
479,782935-01,CCD(Basler acA1300-60gc),21392425,ÃèÀY»\*1,¥ª3,L,2.0,Edmund,,Vivian H,2019-11-15 00:00:00,,2013-12-30 00:00:00,,2019-10-17 00:00:00,,,,,,,,,,,,,,,,,,,,,,,,,,,,,,,,,,,
480,782935-01,CCD(Basler acA1300-60gc),21392437,ÃèÀY»\*1,¥ª3,S,4.0,,,,,,2013-12-30 00:00:00,,2018-05-03 00:00:00,,,,,,,,,,,,,,,,,,,,,,,,,,,,,,,,,,,
481,782934-01,CCD(Basler acA1300-60gm),21407118,ÃèÀY»\*1,S8,S,4.0,,,,,,2013-11-20 00:00:00,,2017-05-16 00:00:00,,,,,,,,,,,,,,,,,,,,,,,,,,,,,,,,,,,
482,784566-01,CCD(Basler acA1300-75gm),22325190,ÃèÀY»\*1,¥ª2,L,0.0,ÔTÐÌ¬ì§Þ¢A³¯«CÞm,190910-152632,Sean T,2019-09-10 00:00:00,2019-10-13 00:00:00,2017-07-18 00:00:00,,2018-03-06 00:00:00,,,,,,,,,,,,,,,,,,,,,,,,,,,,,,,,,,,
483,782140-01,CCD(Basler acA1600-20gm)(¶Â¥Õ),21202707,,¥ª3,L,2.0,Alexander,,Vivian H,2016-10-03 00:00:00,,2012-08-15 00:00:00,,2016-09-13 00:00:00,,,,,,,,,,,,,,,,,,,,,,,,,,,,,,,,,,,
484,782066-01,CCD Power Supply,HB2799478,,¥ª3,S,4.0,,,,,,2012-08-03 00:00:00,,2019-04-16 00:00:00,,,,,,,,,,,,,,,,,,,,,,,,,,,,,,,,,,,
485,782902-01,CCD(Basler acA1600-20uc),21350932,,¥ª3,L,2.0,Steve,,Vivian H,2018-05-14 00:00:00,,2013-10-21 00:00:00,,2018-01-25 00:00:00,,,,,,,,,,,,,,,,,,,,,,,,,,,,,,,,,,,
486,"782901-01
782055-01",CCD(Basler acA1600-20um)+­IªO,"21387765
HB6815523",,S8,V,0.0,§»·¢¬ì§Þ¢A¾G´°Ày,190924-112039,Andy P,2019-09-24 00:00:00,2019-10-27 00:00:00,"2013/11/20
2013/11/05",,2018-05-17 00:00:00,,,,,,,,,,,,,,,,,,,,,,,,,,,,,,,,,,,
487,"782142-01
782290-01",CCD(Basler acA2000-340km)+Power Supply,"21459202
HB7000643",,ADR-Noter,V,0.0,ÔTÐÌ¬ì§Þ¢A³¯«CÞm,191206-164215,Brian Y,2019-12-09 00:00:00,2019-12-18 00:00:00,"2014/07/18
2014/12/25",,2017-09-25 00:00:00,,,,,,,,,,,,,,,,,,,,,,,,,,,,,,,,,,,
488,782145-01,CCD(Basler acA2040-180kc)(±m¦â),21153788,,ADR-Noter,V,4.0,,,,,,2012-09-25 00:00:00,,2017-09-25 00:00:00,,,,,,,,,,,,,,,,,,,,,,,,,,,,,,,,,,,
489,782144-01,CCD(Basler acA2040-180km)(¶Â¥Õ),21659322,ÃèÀY»\*1,¥ª3,L,0.0,¥x¬ì¤j¢A§º¬F­õ,191205-163451,Steve,2019-12-05 00:00:00,2020-01-07 00:00:00,2015-04-22 00:00:00,,2019-03-14 00:00:00,,,,,,,,,,,,,,,,,,,,,,,,,,,,,,,,,,,
490,782144-01,CCD(Basler acA2040-180km)(¶Â¥Õ),21294604,ÃèÀY»\*1,S8,V,4.0,,,,,,2013-03-08 00:00:00,,2019-04-24 00:00:00,,,,,,,,,,,,,,,,,,,,,,,,,,,,,,,,,,,
491,783756-01,CCD(Basler acA2040-90um),21561920,,S8,V,4.0,,,,,,2014-10-01 00:00:00,,2018-05-30 00:00:00,,,,,,,,,,,,,,,,,,,,,,,,,,,,,,,,,,,
492,781875-01,CCD(Basler acA2500-14gc)(±m¦â),21210385,,¥ª3,L,2.0,Edmund,,Vivian H,2019-10-23 00:00:00,,2011-07-01 00:00:00,"2011/09/26 »P«È¤á´«³f(­ìS/N:21129814)
2012/03/14 »P«È¤á´«³f(­ìS/N:21129364)
2012/08/09 RMA(­ìS/N:21201075)
2012/11/15 »P«È¤á´«³f(­ìS/N:21249937/C11176565000001742)",2016-05-26 00:00:00,,,,,,,,,,,,,,,,,,,,,,,,,,,,,,,,,,,
493,781875-01,CCD(Basler acA2500-14gc)(±m¦â),21116850,,,D,7.0,,,,,,2011-05-01 00:00:00,,,,,,,,,,,,,,,,,,,,,,,,,,,,,,,,,,,,,
494,781875-01,CCD(Basler acA2500-14gc)(±m¦â)+Power Supply,"21308927
C11176565000001430",,¥ª3,S,4.0,,,,,,2011-07-01 00:00:00,"2011/09/26 »P«È¤á´«³f(­ìS/N:21129811)
2014/01/09 »P«È¤á´«³f(­ìS/N:21138482)
2015/03/25 gm´«³f(­ìS/N:21331556)",2019-10-22 00:00:00,,,,,,,,,,,,,,,,,,,,,,,,,,,,,,,,,,,
495,781875-01,CCD(Basler acA2500-14gc)(±m¦â)+Power Supply,"21134029
C11176565000001140",ÃèÀY»\*1(¥~ÁÊ),¥ª3,L,0.0,¥x¬ì¤j¢A§º¬F­õ,191210-143234,Steve,2019-12-10 00:00:00,2020-01-12 00:00:00,2011-05-01 00:00:00,"2011/09/26 »P«È¤á´«³f(­ìS/N:21116848)
2012/12/12 »P«È¤á´«³f(­ìS/N:C1176565000002258)",2019-05-20 00:00:00,,,,,,,,,,,,,,,,,,,,,,,,,,,,,,,,,,,
496,781875-01,CCD(Basler acA2500-14gc)(±m¦â)+Power Supply,"21203025
C11176565000000564",,¥ª3,L,2.0,Derek H,,Vivian H,2016-09-01 00:00:00,,2011-05-01 00:00:00,"2011/09/26 »P«È¤á´«³f(­ìS/N:21116849)
2014/11/28 »P«È¤á´«³f(­ìS/N:21154257)(C11176565000000306)",2015-12-21 00:00:00,,,,,,,,,,,,,,,,,,,,,,,,,,,,,,,,,,,
497,781875-01,CCD(Basler acA2500-14gc)(±m¦â)+Power Supply,"21135101
C11176565000001438",,¥ª3,L,0.0,­ZªL¥ú¹q¢A¨ô©É§»,171123-120504,Kevin Y,2017-11-23 00:00:00,2017-12-26 00:00:00,2011-07-01 00:00:00,2011/09/26 »P«È¤á´«³f(­ìS/N:21129812),2017-06-20 00:00:00,,,,,,,,,,,,,,,,,,,,,,,,,,,,,,,,,,,
498,781875-01,CCD(Basler acA2500-14gc)(±m¦â)+Power Supply,"21116851
C11176565000000737",,FSE(N2)-Alexander,V,4.0,,,,,,2011-05-01 00:00:00,,2015-09-16 00:00:00,,,,,,,,,,,,,,,,,,,,,,,,,,,,,,,,,,,
499,"781875-01
782066-01
782055-01",CCD(Basler acA2500-14gc)(±m¦â)+Power Supply+­IªO,"21144306
HB2799483
HB5944514",ÃèÀY»\*1,S8,V,4.0,,,,,,"2012/01/31
2012/01/31
2013/04/01",,2019-06-04 00:00:00,,,,,,,,,,,,,,,,,,,,,,,,,,,,,,,,,,,
500,781876-01,CCD(Basler acA2500-14gm)(¶Â¥Õ),21284046,,C3,S,4.0,,,,,,2012-10-11 00:00:00,"2013/5/30 »P«È¤á´«³f(­ìS/N:21246501)
2015/12/21 »P«È¤á´«³f(­ìS/N:21255410)",2018-09-12 00:00:00,,,,,,,,,,,,,,,,,,,,,,,,,,,,,,,,,,,
501,781876-01,CCD(Basler acA2500-14gm)(¶Â¥Õ),21254984,,C3,S,4.0,,,,,,2012-10-11 00:00:00,,2018-02-01 00:00:00,,,,,,,,,,,,,,,,,,,,,,,,,,,,,,,,,,,
502,781876-01,CCD(Basler acA2500-14gm)(¶Â¥Õ),21288798,,C3,S,4.0,,,,,,2012-10-11 00:00:00,2014/09/25 »P«È¤á´«³f(­ìS/N:21254980),2018-02-01 00:00:00,,,,,,,,,,,,,,,,,,,,,,,,,,,,,,,,,,,
503,781876-01,CCD(Basler acA2500-14gm)(¶Â¥Õ),21495482,,C3,S,4.0,,,,,,2012-10-11 00:00:00,2014/09/25 »P«È¤á´«³f(­ìS/N:21255009),2018-02-01 00:00:00,,,,,,,,,,,,,,,,,,,,,,,,,,,,,,,,,,,
504,781876-01,CCD(Basler acA2500-14gm)(¶Â¥Õ),21254958,,C3,S,4.0,,,,,,2012-10-11 00:00:00,,2019-03-21 00:00:00,,,,,,,,,,,,,,,,,,,,,,,,,,,,,,,,,,,
505,¥~ÁÊ,CCD(Basler acA2500-14gm)(¶Â¥Õ) Power Supply,C11176565000000330,,¥ª2,S,4.0,,,,,,2011-05-01 00:00:00,,2019-03-21 00:00:00,,,,,,,,,,,,,,,,,,,,,,,,,,,,,,,,,,,
506,781876-01,CCD(Basler acA2500-14gm)(¶Â¥Õ)+Power Supply,"21238934
C11176565000001113",,¥ª3,L,0.0,¸q¦u¤j¾Ç¢A²ø´º¤å,171113-135928,Steve,2017-11-13 00:00:00,2017-12-16 00:00:00,2012-05-24 00:00:00,2012/12/12 »P«È¤á´«³f(­ìS/N:21220514/C1176565000000318),2017-04-24 00:00:00,,,,,,,,,,,,,,,,,,,,,,,,,,,,,,,,,,,
507,781876-01,CCD(Basler acA2500-14gm)(¶Â¥Õ)+Power Supply,"21260654
C11176565000001108",,¥ª3,S,4.0,,,,,,2012-05-24 00:00:00,2012/12/12 »P«È¤á´«³f(­ìS/N:21221820/C1176565000000315),2019-02-21 00:00:00,,,,,,,,,,,,,,,,,,,,,,,,,,,,,,,,,,,
508,781876-01,CCD(Basler acA2500-14gm)(¶Â¥Õ)+Power Supply,"21260655
C11176565000002565",ÃèÀY»\*1,¥ª3,L,0.0,­^·~¹F¢AÄ¬©ô¤B,181030-142811,Anderson,2018-10-30 00:00:00,2018-12-02 00:00:00,2012-05-24 00:00:00,2012/12/12 »P«È¤á´«³f(­ìS/N:21221819),2018-08-07 00:00:00,,,,,,,,,,,,,,,,,,,,,,,,,,,,,,,,,,,
509,"781876-01
782066-01
782055-01",CCD(Basler acA2500-14gm)(¶Â¥Õ)+Power Supply+­IªO,"21147220
HB2799475",782055-01­IªO*1(S\N: HB6065912),S8,V,10.0,¥¨§J´I¢A¦ó¼e½å ,190305-094336,Ivan,2019-03-05 00:00:00,2019-04-07 00:00:00,"2012/01/31
2012/01/31
2012/04/01",,2017-08-23 00:00:00,,,,,,,,,,,,,,,,,,,,,,,,,,,,,,,,,,,
510,782904-01,CCD(Basler acA2500-14uc),21350898,,S8-¬üRD,V,4.0,,,,,,2013-11-08 00:00:00,,2015-12-23 00:00:00,AE Keep,,,,,,,,,,,,,,,,,,,,,,,,,,,,,,,,,,
511,"782904-01
782055-01",CCD(Basler acA2500-14uc)+­IªO,"21394725
HB7000639",ÃèÀY»\*1,S8,V,4.0,,,,,,"2013/11/20
2013/11/05",,2019-05-21 00:00:00,AE Keep,,,,,,,,,,,,,,,,,,,,,,,,,,,,,,,,,,
512,"782903-01
782055-01",CCD(Basler acA2500-14um)+­IªO,"21406467
HB3257428",,S8,V,4.0,,,,,,"2013/11/20
2013/11/05",2016/12/20 782055-01»P«È¤á´«³f­ìS/N:HB7000641³f,2018-11-08 00:00:00,,,,,,,,,,,,,,,,,,,,,,,,,,,,,,,,,,,
513,784557-01,CCD(Basler acA2500-60uc),21819245,ÃèÀY»\*1,FSE(M10)-Wranky,V,4.0,,,,,,2016-02-16 00:00:00,,2017-09-14 00:00:00,,,,,,,,,,,,,,,,,,,,,,,,,,,,,,,,,,,
514,784556-01,CCD(Basler acA2500-60um),21819280,ÃèÀY»\*1,FSE(M10)-Wranky,V,0.0,§»·¢¬ì§Þ¢A¾G´°Ày,181121-141731,Derek H,2018-11-21 00:00:00,2018-12-24 00:00:00,2016-02-23 00:00:00,,2017-07-18 00:00:00,,,,,,,,,,,,,,,,,,,,,,,,,,,,,,,,,,,
515,784258-01,CCD(Basler acA3800-10gm),21788016,ÃèÀY»\*1,¥ª3,S,4.0,,,,,,2016-10-03 00:00:00,,2019-03-13 00:00:00,,,,,,,,,,,,,,,,,,,,,,,,,,,,,,,,,,,
516,783501-01,CCD(Basler acA4600-10uc),21648323,ÃèÀY»\*1,¥k3,L,2.0,Edmund,,Vivian H,2019-07-22 00:00:00,,2015-03-26 00:00:00,,2019-05-23 00:00:00,,,,,,,,,,,,,,,,,,,,,,,,,,,,,,,,,,,
517,784613-01,CCD(Basler acA4600-7gc),22534241,ÃèÀY»\*1,¥ª3,S,4.0,,,,,,2016-10-18 00:00:00,2018/03/16 RMA(­ìS/N:21992901),2018-12-13 00:00:00,,,,,,,,,,,,,,,,,,,,,,,,,,,,,,,,,,,
518,"781795-01
782066-01",CCD(Basler acA640-100gm)(¶Â¥Õ)+Power Supply,"21114708
HB2799480",ÃèÀY»\*1,S8,V,4.0,,,,,,"2012/01/31
2012/01/31",,2018-01-03 00:00:00,,,,,,,,,,,,,,,,,,,,,,,,,,,,,,,,,,,
519,"782897-01
782055-01",CCD(Basler acA640-120um)+­IªO,"21406845
HB6415195",ÃèÀY»\*1,S8,V,4.0,,,,,,"2013/11/20
2013/10/30",,2018-01-11 00:00:00,,,,,,,,,,,,,,,,,,,,,,,,,,,,,,,,,,,
520,"782138-01
782055-01",CCD(Basler acA640-90gm)+­IªO,"21164721
HB5342210","ÃèÀY»\*1
¯ÊÁ³µ·*2",¥ª3,S,4.0,,,,,,"2012/11/15
2012/11/23",,2018-09-26 00:00:00,,,,,,,,,,,,,,,,,,,,,,,,,,,,,,,,,,,
521,"782138-01
782055-01",CCD(Basler acA640-90gm)+­IªO,"21248267
HB5342208",ÃèÀY»\*1,¥ª3,S,4.0,,,,,,"2012/11/15
2012/11/23",,2017-12-29 00:00:00,,,,,,,,,,,,,,,,,,,,,,,,,,,,,,,,,,,
522,782896-01,CCD(Basler acA640-90uc),21405953,,¥ª3,L,2.0,Sean T,,Vivian H,2016-03-21 00:00:00,,2014-01-13 00:00:00,,2015-12-28 00:00:00,,,,,,,,,,,,,,,,,,,,,,,,,,,,,,,,,,,
523,"782895-01
782055-01",CCD(Basler acA640-90um)+­IªO,"21387599
HB6415187",ÃèÀY»\*1,S8,V,4.0,,,,,,"2013/11/12
2013/10/30",,2018-01-03 00:00:00,,,,,,,,,,,,,,,,,,,,,,,,,,,,,,,,,,,
524,"782895-01
782055-01",CCD(Basler acA640-90um)+­IªO,"21384882
HB6815521",,S8,V,2.0,Derek H,,Vivian H,2016-09-22 00:00:00,,"2013/11/12
2013/10/30",,2016-09-21 00:00:00,,,,,,,,,,,,,,,,,,,,,,,,,,,,,,,,,,,
525,781877-01,CCD(BASLER acA750-30gm),21129377,,¥ª3,S,4.0,,,,,,2015-02-02 00:00:00,,2017-09-08 00:00:00,,,,,,,,,,,,,,,,,,,,,,,,,,,,,,,,,,,
526,¥~ÁÊ,CCD(Basler BIP2-640c-dn),21111132,,KDR-e¤Æ,V,4.0,,,,,,2011-10-11 00:00:00,,2016-06-03 00:00:00,,,,,,,,,,,,,,,,,,,,,,,,,,,,,,,,,,,
527,¥~ÁÊ,CCD(Basler BIP2-D1000c-dn),21158374,,KDR-e¤Æ,V,4.0,,,,,,2011-10-11 00:00:00,,,AE Keep,,,,,,,,,,,,,,,,,,,,,,,,,,,,,,,,,,
528,781679-01,"CCD(Basler IP,BIP-1000C,1024X768, 30 FPS, Color)",21042457,"ÃèÀY»\*1
ºñ¦â±µÀY*1",S8,V,4.0,,,,,,2011-01-27 00:00:00,,2017-08-23 00:00:00,,,,,,,,,,,,,,,,,,,,,,,,,,,,,,,,,,,
529,"782206-01
779986-01",CCD(Basler piA1900-32gm)(¶Â¥Õ)+Power Supply,21242399,ÃèÀY»\*1,¥k3,L,2.0,Tony Chiang,,Vivian H,2019-11-21 00:00:00,,2012-07-19 00:00:00,,2017-09-30 00:00:00,AE Keep,,,,,,,,,,,,,,,,,,,,,,,,,,,,,,,,,,
530,782209-01,CCD(Basler piA2400-17gc)(±m¦â),21242907,,®w-FSE(N1)-Wayne,V,4.0,,,,,,"2012/11/02
2012/11/30 ",,2014-01-16 00:00:00,AE Keep,,,,,,,,,,,,,,,,,,,,,,,,,,,,,,,,,,
531,"782209-01
779986-01",CCD(Basler piA2400-17gc)(±m¦â)+Power Supply,21444587,ÃèÀY»\*1,¥k3,S,4.0,,,,,,"2012/07/31
2012/08/03",2014/03/05 782209-01 RMA­ìS/N:21240341,2019-05-29 00:00:00,AE Keep,,,,,,,,,,,,,,,,,,,,,,,,,,,,,,,,,,
532,"781794-01
779986-01",CCD(Basler piA2400-17gm)(¶Â¥Õ)+Power Supply,21201851,ÃèÀY»\*1,¥ª3,S,4.0,,,,,,"2012/11/02
2012/11/30 ",,2019-01-10 00:00:00,,,,,,,,,,,,,,,,,,,,,,,,,,,,,,,,,,,
533,"782945-01
783273-01",CCD(Basler raL12288-66km)+­IªO,"21383589
HB7637514",,¥ª2,S,4.0,,,,,,"2014/01/28
2014/01/28 ",,2019-08-01 00:00:00,,,,,,,,,,,,,,,,,,,,,,,,,,,,,,,,,,,
534,"782185-01
779986-01
782055-01",CCD(BASLER SCA1300-32GM)+Power Supply+­IªO,21239639,ÃèÀY»\*1,FSE(M1)-Andrew,V,4.0,,,,,,"2012/07/20
2012/07/20
2013/01/15",,2018-02-01 00:00:00,AE Keep,,,,,,,,,,,,,,,,,,,,,,,,,,,,,,,,,,
535,780881-01,CCD(BASLER SCA1390-17FC),20729255,"­IªO(746792-01)*1 2011/09/14 «È¤á¥¼ÁÙ
                             2012/06/06 ¥[ÁÊ",®w-RAE(N2)-Alex,V,4.0,,,,,,2009-12-10 00:00:00,,,AE Keep,,,,,,,,,,,,,,,,,,,,,,,,,,,,,,,,,,
536,780881-01,CCD(BASLER SCA1390-17FC),20618113,­IªO(746792-01)*1,S8,V,4.0,,,,,,2009-04-10 00:00:00,,2015-09-16 00:00:00,AE Keep,,,,,,,,,,,,,,,,,,,,,,,,,,,,,,,,,,
537,779980-01,CCD(BASLER SCA1390-17FM),20714401,­IªO*1(746792-01),S8,V,4.0,,,,,,2007-09-27 00:00:00,,2018-02-22 00:00:00,,,,,,,,,,,,,,,,,,,,,,,,,,,,,,,,,,,
538,779980-01,CCD(BASLER SCA1390-17FM),20808915,­IªO*1(746792-01),ADR-,V,4.0,,,,,,2009-04-22 00:00:00,,,,,,,,,,,,,,,,,,,,,,,,,,,,,,,,,,,,,
539,"779980-01
746792-01",CCD(BASLER SCA1390-17FM)+­IªO,20817756,ÃèÀY»\*1,¥ª3,S,4.0,,,,,,2009-12-10 00:00:00,,2016-07-29 00:00:00,,,,,,,,,,,,,,,,,,,,,,,,,,,,,,,,,,,
540,"779981-01
779986-01",CCD(BASLER SCA1390-17GM),20714249,"­IªO*1
779986-01-Power Supply for CCD(GigE)*1
¹q·½½u*1",ÅK¬[,V,0.0,¸s³Ð¥ú¹q¢A§õ¥Ã¸Î,171205-102208,Ronland,2017-12-05 00:00:00,2018-01-07 00:00:00,2007-10-15 00:00:00,,2017-11-24 00:00:00,,,,,,,,,,,,,,,,,,,,,,,,,,,,,,,,,,,
541,782191-01,CCD(BASLER SCA1400-30GM),22564717,ÃèÀY»\*1,¥ª3,S,4.0,,,,,,2018-06-15 00:00:00,,2019-04-16 00:00:00,,,,,,,,,,,,,,,,,,,,,,,,,,,,,,,,,,,
542,780883-01,CCD(BASLER scA1600-14fm),20830692,­IªO*1,¥ª3,S,4.0,,,,,,2010-06-08 00:00:00,,2016-04-12 00:00:00,,,,,,,,,,,,,,,,,,,,,,,,,,,,,,,,,,,
543,780883-01,CCD(BASLER scA1600-14fm),21017827,­IªO*1,¥ª3,S,4.0,,,,,,2011-01-19 00:00:00,,2015-12-07 00:00:00,,,,,,,,,,,,,,,,,,,,,,,,,,,,,,,,,,,
544,780883-01,CCD(BASLER scA1600-14fm),21017822,­IªO*1,¥ª3,S,4.0,,,,,,2011-01-19 00:00:00,,2015-12-07 00:00:00,,,,,,,,,,,,,,,,,,,,,,,,,,,,,,,,,,,
545,"782171-01
782003-01",CCD(BASLER scA1600-28fm)+­IªO,21319925,782003-01(HB5626321),S8,V,4.0,,,,,,"2013/04/01
2013/04/01",,2015-09-16 00:00:00,,,,,,,,,,,,,,,,,,,,,,,,,,,,,,,,,,,
546,780880-01,CCD(BASLER SCA640-70FC),21041288,­IªO*1,¥ª3,S,4.0,,,,,,2011-05-26 00:00:00,,2015-12-10 00:00:00,,,,,,,,,,,,,,,,,,,,,,,,,,,,,,,,,,,
547,780880-01,CCD(BASLER SCA640-70FC),21020896,­IªO*1,SDR-LED 2,V,2.0,Harvey,,Vivian H,2015-09-08 00:00:00,,2011-01-27 00:00:00,,2015-09-08 00:00:00,,,,,,,,,,,,,,,,,,,,,,,,,,,,,,,,,,,
548,780880-01,CCD(BASLER SCA640-70FC),21215257,­IªO*1,SDR-LED 1,V,2.0,Harvey,,Vivian H,2015-09-08 00:00:00,,2012-08-27 00:00:00,,2015-09-08 00:00:00,,,,,,,,,,,,,,,,,,,,,,,,,,,,,,,,,,,
549,780880-01,CCD(BASLER SCA640-70FC),21041287,­IªO*1,S8,V,4.0,,,,,,2011-05-26 00:00:00,,,,,,,,,,,,,,,,,,,,,,,,,,,,,,,,,,,,,
550,"779982-01
780026-01
196284-04
779984-01","CCD(BASLER SCA640-70FM)+ÃèÀY+
IEEE 1394A to 1394B Cable+Basler Trigger And I/O Cable","20812446
780026TR09
HA6861670",­IªO*1,TR9,V,4.0,,,,,,"2008/6/12
2008/6/5
2008/6/5
2008/12/22",,,,,,,,,,,,,,,,,,,,,,,,,,,,,,,,,,,,,
551,"779982-01
780026-01
196284-04
779984-01","CCD(BASLER SCA640-70FM)+ÃèÀY+
IEEE 1394A to 1394B Cable+Basler Trigger And I/O Cable","20812437
780026TR08
HA6861668",­IªO*1,TR8,V,4.0,,,,,,"2008/6/12
2008/6/5
2008/6/5
2008/12/22",,2017-08-11 00:00:00,,,,,,,,,,,,,,,,,,,,,,,,,,,,,,,,,,,
552,"779982-01
780026-01
196284-04
779984-01","CCD(BASLER SCA640-70FM)+ÃèÀY+
IEEE 1394A to 1394B Cable+Basler Trigger And I/O Cable","21043623
780026TR07
HA6812574",­IªO*1,TR7,V,4.0,,,,,,"2011/2/15
2008/6/5
2008/6/5
2008/12/22",,2017-08-11 00:00:00,,,,,,,,,,,,,,,,,,,,,,,,,,,,,,,,,,,
553,"779982-01
780026-01
196284-04
779984-01","CCD(BASLER SCA640-70FM)+ÃèÀY+
IEEE 1394A to 1394B Cable+Basler Trigger And I/O Cable","20812443
780026TR06
HA6812572",­IªO*1,TR6,V,4.0,,,,,,"2008/6/12
2008/6/5
2008/6/5
2008/12/22",,,,,,,,,,,,,,,,,,,,,,,,,,,,,,,,,,,,,
554,"779982-01
780026-01
196284-04
779984-01","CCD(BASLER SCA640-70FM)+ÃèÀY+
IEEE 1394A to 1394B Cable+Basler Trigger And I/O Cable","20812442
780026TR05
HA6861675",­IªO*1,TR5,V,4.0,,,,,,"2008/6/12
2008/6/5
2008/6/5
2008/12/22",,,,,,,,,,,,,,,,,,,,,,,,,,,,,,,,,,,,,
555,"779982-01
780026-01
196284-04
779984-01","CCD(BASLER SCA640-70FM)+ÃèÀY+
IEEE 1394A to 1394B Cable+Basler Trigger And I/O Cable","21111626
780026TR04
HA6861673",­IªO*1,TR4,V,4.0,,,,,,"2012/06/13
2008/06/05
2008/06/05
2008/12/22",,,,,,,,,,,,,,,,,,,,,,,,,,,,,,,,,,,,,
556,"779982-01
780026-01
196284-04
779984-01","CCD(BASLER SCA640-70FM)+ÃèÀY+
IEEE 1394A to 1394B Cable+Basler Trigger And I/O Cable","20721131
780026TR03
HA6790599",­IªO*1,TR3,V,4.0,,,,,,"2008/6/5
2008/6/5
2008/6/5
2008/12/22",,,,,,,,,,,,,,,,,,,,,,,,,,,,,,,,,,,,,
557,"779982-01
780026-01
196284-04
779984-01","CCD(BASLER SCA640-70FM)+ÃèÀY+
IEEE 1394A to 1394B Cable+Basler Trigger And I/O Cable","20721118
780026TR02
E5EED3",­IªO*1,TR2,V,4.0,,,,,,"2008/6/5
2008/6/5
2008/6/5
2008/12/22",,,,,,,,,,,,,,,,,,,,,,,,,,,,,,,,,,,,,
558,"779982-01
780026-01
196284-04
779984-01","CCD(BASLER SCA640-70FM)+ÃèÀY+
IEEE 1394A to 1394B Cable+Basler Trigger And I/O Cable","20721130
780026TR01
E5EEBA",­IªO*1,TR1,V,4.0,,,,,,"2008/6/5
2008/6/5
2008/6/5
2008/12/24",,,,,,,,,,,,,,,,,,,,,,,,,,,,,,,,,,,,,
559,"779982-01
780026-01
196284-04
779984-01","CCD(BASLER SCA640-70FM)+ÃèÀY+
IEEE 1394A to 1394B Cable+Basler Trigger And I/O Cable","21111571
780026TR00
HA6790596",­IªO*1,TR0,V,4.0,,,,,,"2012/06/13
2008/06/05
2008/06/05
2008/12/24",,2016-04-06 00:00:00,,,,,,,,,,,,,,,,,,,,,,,,,,,,,,,,,,,
560,779982-01,"CCD(BASLER SCA640-70FM, IEEE 1394B)",21105212,­IªO*1,®w-FSE(M4)-Jimmy K,V,4.0,,,,,,2011-07-21 00:00:00,,2015-09-16 00:00:00,,,,,,,,,,,,,,,,,,,,,,,,,,,,,,,,,,,
561,779982-01,"CCD(BASLER SCA640-70FM, IEEE 1394B)",20815330,­IªO*1,¥ª3,L,2.0,Tom,,Carol,2009-02-05 00:00:00,,2007-09-27 00:00:00,2008/12/25 »P«È¤á´«³f(­ìS/N:20714339),2009-02-05 00:00:00,,,,,,,,,,,,,,,,,,,,,,,,,,,,,,,,,,,
562,779982-01,"CCD(BASLER SCA640-70FM, IEEE 1394B)",21026209,­IªO*1,SDR-LED 2,V,2.0,Harvey,,Vivian H,2015-09-08 00:00:00,,2011-01-19 00:00:00,,2015-09-08 00:00:00,,,,,,,,,,,,,,,,,,,,,,,,,,,,,,,,,,,
563,779982-01,"CCD(BASLER SCA640-70FM, IEEE 1394B)",21052085,­IªO*1,SDR-LED 1,V,2.0,Harvey,,Vivian H,2015-09-08 00:00:00,,2014-10-14 00:00:00,,2015-09-08 00:00:00,,,,,,,,,,,,,,,,,,,,,,,,,,,,,,,,,,,
564,779982-01,"CCD(BASLER SCA640-70FM, IEEE 1394B)",21033492,­IªO*1,S8,V,4.0,,,,,,2011-01-19 00:00:00,,2015-12-18 00:00:00,,,,,,,,,,,,,,,,,,,,,,,,,,,,,,,,,,,
565,779982-01,"CCD(BASLER SCA640-70FM, IEEE 1394B)",21026213,­IªO*1,S8,V,4.0,,,,,,2010-11-25 00:00:00,,,,,,,,,,,,,,,,,,,,,,,,,,,,,,,,,,,,,
566,779982-01,"CCD(BASLER SCA640-70FM, IEEE 1394B)",21024214,­IªO*1,FSE(N2)-Alexander,V,4.0,,,,,,2010-09-30 00:00:00,,,,,,,,,,,,,,,,,,,,,,,,,,,,,,,,,,,,,
567,779982-01,"CCD(BASLER SCA640-70FM, IEEE 1394B)",21026186,"­IªO*1
«OÅ@»\*1",®w-FSE(M2)-Alex,V,4.0,,,,,,2010-09-30 00:00:00,,2018-11-13 00:00:00,,,,,,,,,,,,,,,,,,,,,,,,,,,,,,,,,,,
568,"779983-01
779986-01",CCD(BASLER SCA640-70GM),21002224,"«OÅ@»\*1
­IªO*1
779986-01-Power Supply for CCD(GigE)*1",S8,V,2.0,Ivan,,Vivian H,2018-11-07 00:00:00,,"2010/11/11
2010/11/17",779986-01 2011/3/11RMA ´«·s,2018-08-29 00:00:00,,,,,,,,,,,,,,,,,,,,,,,,,,,,,,,,,,,
569,781681-01,"CCD(BASLER SCA640-74FM, FireWire)",21035389,«OÅ@»\*1,S8,V,4.0,,,,,,2010-12-09 00:00:00,,2019-01-02 00:00:00,,,,,,,,,,,,,,,,,,,,,,,,,,,,,,,,,,,
570,781681-01,"CCD(BASLER SCA640-74FM, FireWire)",21051019,­IªO*1(­ìµL­IªO),FSE(M6)-Tom,V,4.0,,,,,,2010-12-09 00:00:00,"¦V¶¶­^ÁÊ¤J(NT27,980§tµ|)",,,,,,,,,,,,,,,,,,,,,,,,,,,,,,,,,,,,
571,"782233-01
782292-01
782293-01","CCD(Basler SPL4096-140KM,¶Â¥Õ)+­IªO+Power Supply","21321948
HB6634897
HB6719253",,½n¦t¢A¼B‰h¨j,V,4.0,,,,,,"2013/07/25
2013/07/25
2013/07/25",,2013-08-19 00:00:00,AE Keep,,,,,,,,,,,,,,,,,,,,,,,,,,,,,,,,,,
572,"782232-01
782293-01","CCD(Basler SPL4096-70KC,Coler)+Power Supply",21229094,782293-01(HB3712274),¥ª3,S,4.0,,,,,,"2012/05/29
2012/05/29",,2019-03-28 00:00:00,,,,,,,,,,,,,,,,,,,,,,,,,,,,,,,,,,,
573,¥~ÁÊ,CCD(JAI-CV-S3200),P321321,"Power Supply*1
S-VIDEO Cable*1",¥ª3,S,4.0,,,,,,,,2016-07-14 00:00:00,,,,,,,,,,,,,,,,,,,,,,,,,,,,,,,,,,,
574,"Marlin F046B
(1394 B/W)",CCD(Marlin F046B),17059851,"1394 Cable*1(1.5M)
­IªO*1",¥ª2,S,4.0,,,,,,2004-09-20 00:00:00,"¦VùÖ¥KÁÊ¤J(NT$52,000¥¼µ|)",2015-09-16 00:00:00,,,,,,,,,,,,,,,,,,,,,,,,,,,,,,,,,,,
575,"Marlin F046C
(1394 Color)",CCD(Marlin F046C),17055838,"1394 Cable 1M*1
­IªO*1
CD*1",¥ª3,L,2.0,Ronland,,Vivian H,2011-06-29 00:00:00,,2004-11-24 00:00:00,"¦V°ò¥KÁÊ¤J
(NT$56,950¥¼µ|)",2011-06-29 00:00:00,,,,,,,,,,,,,,,,,,,,,,,,,,,,,,,,,,,
576,¥~ÁÊ,CCD(POMONA (Analog B/W)),4969,182582A-01 Power Supply*1,¥ª3,S,4.0,,,,,,,,,,,,,,,,,,,,,,,,,,,,,,,,,,,,,,,,,,,
577,"Sony
(1394 Color)",CCD(Sony DFW-VL500),100524,1394 Cable*1,¥ª3,S,4.0,,,,,,,,2016-04-12 00:00:00,,,,,,,,,,,,,,,,,,,,,,,,,,,,,,,,,,,
578,778849-01,CCD(SONY XCD-X710)(Digtal 1394 B/W),100989,"Camera cable*1
»¡©ú®Ñ*1",¥ª3,S,4.0,,,,,,2005-03-14 00:00:00,,2016-09-01 00:00:00,,,,,,,,,,,,,,,,,,,,,,,,,,,,,,,,,,,
579,778849-01,CCD(SONY XCD-X710)(Digtal 1394 B/W),102112,"Camera cable*1
»¡©ú®Ñ*1",¥ª3,S,4.0,,,,,,2006-07-25 00:00:00,,,,,,,,,,,,,,,,,,,,,,,,,,,,,,,,,,,,,
580,"565F
(Analog B/W)",CCD(TR¥Î),170048,,TR8,V,4.0,,,,,,,,,,,,,,,,,,,,,,,,,,,,,,,,,,,,,,,,,,,
581,"565F
(Analog B/W)",CCD(TR¥Î),1A0030,,TR7,V,4.0,,,,,,,,,,,,,,,,,,,,,,,,,,,,,,,,,,,,,,,,,,,
582,"565F
(Analog B/W)",CCD(TR¥Î),1A0003,,TR6,V,4.0,,,,,,,,,,,,,,,,,,,,,,,,,,,,,,,,,,,,,,,,,,,
583,"565F
(Analog B/W)",CCD(TR¥Î),151214,,TR5,V,4.0,,,,,,,,,,,,,,,,,,,,,,,,,,,,,,,,,,,,,,,,,,,
584,"565F
(Analog B/W)",CCD(TR¥Î),170039,,TR4,V,4.0,,,,,,,,,,,,,,,,,,,,,,,,,,,,,,,,,,,,,,,,,,,
585,"565F
(Analog B/W)",CCD(TR¥Î),1A0008,,TR3,V,4.0,,,,,,,,,,,,,,,,,,,,,,,,,,,,,,,,,,,,,,,,,,,
586,"565F
(Analog B/W)",CCD(TR¥Î),1A0027,,TR2,V,4.0,,,,,,,,,,,,,,,,,,,,,,,,,,,,,,,,,,,,,,,,,,,
587,"565F
(Analog B/W)",CCD(TR¥Î),1A0035,,TR1,V,4.0,,,,,,,,,,,,,,,,,,,,,,,,,,,,,,,,,,,,,,,,,,,
588,¥~ÁÊ,CCD(UM-200(Analog B/W)),20014,"ÃèÀY(Pentax 1:1.6 35mm)*1
¹q·½¨ÑÀ³¾¹*1(I40700803A2)*1
",¥ª3,S,4.0,,,,,,2004-07-21 00:00:00,"¦V°ò¥KÁÊ¤JCCD(NT$22,050)
ÃèÀY(NT$5,198)
Power(NT$2,940)",,,,,,,,,,,,,,,,,,,,,,,,,,,,,,,,,,,,
